Accession,ALL 19769 TA+ Norel,ALL 406 TA+ (ML) Norel,ALL 4466 Norel,ALL 1245 TA- Norel,ALL 16125 TA- Norel,ALL 23368 TA- Norel,ALL R28 (ML) Relap,ALL 1234 ML,ALL 1305 ML,ALL 1421 ML,ALL 1425 ML,ALL 1486 ML,ALL 1457 ML,ALL 1256 TA+ (ML) Norel,ALL 1275 TA+ (ML) Norel,ALL 1101 TA- (ML) Norel,ALL 1319 TA- (ML) Norel,ALL 522 TA- (ML) Norel,ALL SH 6,ALL SH 12,ALL SH 15,AML 15 (PK) Norel,AML 19 (PK) Norel,AML 10 (PK) Relap,AML 9 (PK) Relap,AML SH 5,AML SH 13,AML SH 14,AML SH 16,AML SH 18,AML 17 ML,AML 25 ML,AML 11 (ML),AML 12 (ML),AML 5 (ML) Relap,"
"
hum_alu_at,15091,45815,20958,25880,41275,11195,21777,28991,42401,27924,21229,29189,29906,20288,23462,19457,17499,24611,43084,49419,49084,20658,19266,37749,18595,31068,38690,58203,31022,36915,22818,39323,15689,41570,39538,"
"
AB000460_at,1647,2573,1963,1082,1548,2222,2867,2548,884,1128,1604,785,1249,1300,1541,1910,1813,1505,1333,1993,1232,714,2496,1617,1978,1783,1481,1947,1502,2316,1397,1030,2656,3570,1844,"
"
AB003102_at,551,461,537,868,432,1263,750,615,545,252,439,349,165,462,634,904,764,619,401,499,269,141,1571,697,672,467,410,429,288,526,411,708,674,805,512,"
"
AC002115_cds1_at,2236,3089,2364,2152,3038,4192,4041,3313,2805,2920,2714,1253,2110,1777,2687,3998,3027,1718,2596,1923,1601,9268,3436,2212,2291,3852,2350,3066,2880,3110,3510,3927,5404,1667,3920,"
"
D00762_at,645,395,376,399,516,1687,430,646,319,475,309,313,284,511,481,1127,1336,476,504,339,625,98,804,380,573,467,442,306,401,457,346,586,691,490,386,"
"
D00763_at,1324,905,1456,913,2008,4608,2495,1895,1305,1574,1181,905,1172,688,791,4330,2301,892,1100,695,1159,1490,1227,526,737,1710,591,726,1129,1090,978,1766,1711,1314,1193,"
"
D11086_at,1497,1122,1619,2062,762,2343,2310,1421,665,756,979,937,1197,1088,898,3897,1762,1462,861,2193,2562,537,777,1118,2127,1647,630,1168,1029,3619,805,1573,403,1922,1827,"
"
D13118_at,3245,2768,4058,2668,3339,3561,4366,2268,1728,1670,1874,1877,1605,1905,2107,2739,3120,2484,2793,2062,1644,2901,5283,3487,2899,2634,2285,2763,1950,2681,2508,2303,4103,7344,3396,"
"
D13370_at,2028,1366,1933,1252,2284,3931,1398,2020,1050,1303,1953,1953,1454,1129,1237,2795,3292,1388,1767,1501,1845,676,1793,897,2017,2703,1684,1050,1433,682,1401,1543,2381,2141,785,"
"
D13748_at,2434,3225,4583,4543,6713,6817,3846,5425,3922,4062,6524,5885,3726,3051,3568,7000,10632,3313,4586,2968,1540,6702,11217,4923,7417,8824,5110,5659,3771,6805,4417,5483,9071,5186,4056,"
"
D13900_at,1634,2293,1077,1809,1607,3233,2404,1745,886,1836,1992,1199,1409,986,1611,2675,2646,978,1705,1158,1822,1942,1569,1416,1145,2141,1008,995,992,2199,1482,1477,3085,2681,1598,"
"
D14043_at,1160,231,1427,1093,2927,3479,794,893,870,610,621,1091,348,721,762,1263,2719,1306,456,2345,724,788,792,416,1059,957,615,482,371,593,341,1006,1353,2307,1007,"
"
D14530_at,16642,13361,16673,16061,19362,21519,18585,17067,16511,13143,15098,15230,12071,17966,17544,17040,19197,16347,14861,15038,10739,18951,19821,16968,16366,14452,17198,11959,15716,16422,16436,16098,18674,18700,14528,"
"
D14694_at,1573,1431,1155,1569,2006,1883,1964,1883,1011,1080,2007,859,1271,1166,1315,3082,1810,1403,1510,1568,732,2994,1413,1269,997,2145,1493,1517,1635,2119,1570,1277,3042,1954,1540,"
"
D14710_at,3343,2920,3187,3358,5148,6462,5320,5546,3278,3941,3260,3417,2968,2244,3424,8928,6471,2719,4451,2999,2150,3631,3614,3383,2765,6868,2865,2460,3192,2917,3104,5898,6013,2429,2571,"
"
D14812_at,2890,2404,1305,2553,3610,6604,1830,2376,1408,1704,2436,2233,1189,1729,2524,3916,3220,2331,1283,1460,1273,846,4661,3296,2223,3080,1507,1338,1812,2691,1706,3029,2940,4052,1855,"
"
D15057_at,338,369,178,593,628,2613,320,1444,468,456,534,833,117,255,654,692,1168,238,541,275,767,1118,540,432,334,781,723,797,412,342,433,1091,834,151,338,"
"
D16217_at,874,407,869,775,369,795,752,349,499,283,527,460,586,623,565,722,868,380,304,494,449,608,1057,917,447,696,406,673,271,381,259,508,1350,1081,1862,"
"
D16562_at,2452,1494,2491,2939,2719,3794,2967,2442,1877,2981,2123,1621,2688,1003,1305,4596,1916,1434,1263,1794,2722,2417,1786,2540,3660,3679,1474,1585,1898,2468,2073,3086,4320,1214,1922,"
"
D21260_at,1400,243,1424,1126,1084,3784,1428,1169,1235,932,829,1015,637,366,618,2011,2153,780,671,6715,1276,553,1783,1214,878,1647,493,401,842,645,243,882,1733,1203,1443,"
"
D21261_at,7819,5305,6652,5790,4284,3303,12104,5017,1913,1885,4853,2994,5873,5244,6221,11461,7875,8431,5522,4830,4478,18941,17159,12832,15392,6327,5102,8052,3050,16342,7440,5270,12113,13164,6813,"
"
D23660_at,10477,11541,12003,12489,14407,15324,12658,20619,14193,17933,18328,13896,15569,16458,13370,17739,16880,12094,14007,13312,7943,11209,11094,12627,16902,22141,14880,11520,15775,14335,13046,16150,16499,7902,9793,"
"
D23673_at,3617,2819,2037,2188,1723,6308,3391,2426,1906,2867,1800,3487,1598,1715,2182,2067,4377,802,1632,2518,2554,1048,2239,1482,1012,1706,959,1832,1037,2041,1652,1004,2088,2824,1566,"
"
D26068_at,3355,3314,1950,5350,3158,3943,3081,2811,2331,2552,1902,1901,1949,4656,4824,4591,4165,4100,2466,2304,2160,1545,5092,2910,3844,3106,1521,1904,1896,4152,2361,2964,3494,2453,2258,"
"
D26598_at,1226,1764,1693,1657,2399,3141,2299,1936,1560,2769,1059,1656,1468,849,1718,2390,2282,1483,1642,1272,2043,3106,1518,1148,1224,2202,974,1344,1611,856,1367,2286,2654,1653,2590,"
"
D26599_at,1703,1537,1856,1072,1410,2953,2265,1862,1197,2539,1314,1182,1181,746,997,2368,1205,1095,1452,1431,981,1763,1378,1323,1388,1990,933,1156,1249,1144,1486,1977,2293,1046,1459,"
"
D26600_at,1647,1204,954,1578,1191,2029,2193,1566,1115,1435,1792,1012,1830,1022,1147,2865,1995,842,1033,911,836,1501,1384,1393,1557,1215,735,1088,631,769,995,1277,2243,590,1014,"
"
D29012_at,1944,2317,2602,1388,1178,3438,2153,1421,1740,2146,1122,2015,1655,1592,1115,2406,2683,1449,1765,1320,2292,1214,2128,1552,2009,1711,1077,1322,1245,1280,1527,1290,1915,1211,1299,"
"
D30655_at,3025,5798,3626,4436,4148,9660,2203,3591,3064,3523,5868,4143,4320,5923,5003,7897,7311,3004,2224,2255,2269,651,4902,1774,2307,2400,2950,1437,1697,3053,2235,2001,3942,5031,2634,"
"
D31884_at,716,1226,1023,956,613,595,893,555,675,696,766,698,479,968,1377,424,713,1239,406,728,495,679,1220,1047,1274,904,459,899,664,1434,850,862,586,864,500,"
"
D31890_at,653,1040,1395,1179,1304,1745,1752,1469,829,1277,1491,1234,1319,1474,1151,2503,1854,1271,978,803,533,1677,1351,1039,1229,1529,676,921,781,793,1199,1354,1782,1173,1341,"
"
D38047_at,2111,1704,1660,2078,1223,2638,2020,1898,1627,2406,1706,1895,1573,1461,1519,3219,2486,1910,1423,1225,1156,2510,2115,1814,2420,1312,1014,1118,593,1421,1392,1775,2225,1569,1494,"
"
D42043_at,2170,1532,1459,1501,1065,2419,1189,1253,2009,1089,1826,1799,802,1618,1823,4034,2195,2721,1370,1290,2582,830,1188,742,1500,578,552,565,524,1198,764,678,1397,1632,1160,"
"
D49400_at,1174,1141,1007,685,1138,1408,1558,1040,778,987,992,808,903,739,702,950,858,877,866,775,589,2818,2736,1265,2030,1278,1181,995,781,1176,1155,1449,1882,872,1675,"
"
D49489_at,1020,1033,680,826,1435,2477,1357,1660,1218,1230,1947,1413,640,541,1194,1714,2461,302,1108,1125,620,537,1173,1019,815,1895,744,664,1433,793,916,1636,1051,371,678,"
"
D50063_at,1291,844,898,612,958,1973,1158,1175,1002,1113,658,477,866,704,886,1316,968,918,783,932,1131,579,1141,553,977,785,888,803,578,708,475,819,1241,778,732,"
"
D50310_at,4031,3558,2671,5071,2252,4841,2770,2900,1812,1795,1988,2093,1792,3403,4095,4217,4328,5836,1640,1972,2168,1619,9661,7339,7904,3175,1784,2055,1021,4083,2848,2212,3166,3291,2034,"
"
D61380_at,966,970,1193,1310,3280,4699,1547,2742,1367,2419,1943,1093,1994,1105,1558,4094,2977,1598,2241,1897,810,3075,968,1472,1450,3978,1652,1131,2412,856,2243,2808,3047,837,2136,"
"
D63476_at,1396,586,849,1219,666,1123,957,626,790,649,389,534,478,689,897,1247,1008,1588,534,1272,584,289,1413,1226,1113,646,332,741,329,710,522,341,916,1805,783,"
"
D63874_at,4157,5726,3358,7074,8670,11744,7533,8218,4675,6619,3351,2932,3903,2673,8199,9722,7077,4921,7437,6445,3451,3537,4578,2431,2365,7796,2678,2070,4828,4336,4428,4446,5155,7260,5261,"
"
D63881_at,645,347,691,984,1124,1617,309,734,326,198,568,460,160,471,859,1543,838,561,249,231,226,181,1020,438,384,487,141,200,183,290,193,345,233,347,206,"
"
D64142_at,5152,19135,1046,7696,3967,5801,5813,6989,3997,6269,6037,3823,7745,7726,13500,6726,4693,7535,2349,3007,7043,3992,14234,11010,14103,4078,1603,3406,972,13990,10311,4329,4525,5465,2977,"
"
D78134_at,1559,1894,982,1838,1054,1663,1710,1174,1189,3056,1344,1113,878,3983,3828,2347,2866,2986,916,1066,930,742,5942,2534,4463,807,452,1387,636,1436,1353,1575,1304,2420,1183,"
"
D78151_at,1554,1528,954,1607,1525,1644,2813,1441,1273,1685,1503,1020,1181,1481,1738,2106,1820,1629,1615,1743,1731,1018,2461,1528,1815,2385,972,1715,1251,2195,1375,1514,2029,1653,1130,"
"
D78361_at,9881,11954,6137,13871,15873,13777,9419,14290,14537,16701,10893,10874,11853,8562,11773,12897,10878,9216,11848,7706,5637,20847,14077,7733,13549,15130,10507,10707,10228,9742,10285,9086,18478,13351,23311,"
"
D79205_at,25071,25069,28306,30820,25794,25231,26823,19968,15910,18872,21328,20192,18045,21843,24027,24352,25277,19821,21519,18305,20795,29147,26012,15707,19082,22720,21675,18848,14509,26591,21299,15713,24292,32079,27745,"
"
D86963_at,575,989,607,496,491,609,790,464,254,544,534,329,297,400,650,644,484,351,469,584,640,222,1017,490,596,701,326,574,325,654,437,297,579,547,572,"
"
D86967_at,4346,2928,1057,2947,1193,1735,1340,1056,2011,4824,2046,997,1016,2188,4227,2045,1994,1034,554,1194,2821,289,1182,798,974,2045,813,995,1233,1283,628,306,1169,1379,1058,"
"
D86976_at,1380,1378,765,558,737,1722,1458,1875,783,818,1067,1865,649,2978,1881,3077,3033,1256,1348,1292,1448,925,1502,366,986,1258,764,1307,371,784,880,319,2644,3095,2497,"
"
D87735_at,6251,7367,8037,8357,7172,9132,8094,9666,8220,10933,14236,9017,10197,9830,7966,9991,10261,5957,7087,7436,5767,8769,9286,8309,9543,11420,8088,6101,7161,8403,9087,8873,8741,5346,5273,"
"
D89667_at,1271,1458,1663,1226,1605,2628,1373,1872,1314,2143,2552,1194,1577,2212,2195,2260,3024,1517,1133,1030,780,4342,3704,2170,3399,3947,2073,1984,1816,1590,3018,2097,3486,2166,3000,"
"
D90209_at,1095,2295,1171,3506,1849,1225,1337,1977,1060,2167,2298,1277,1896,2957,5977,4280,4953,4091,1872,669,744,1544,8130,1753,2100,1547,713,1295,946,5676,2469,3160,1845,3353,2024,"
"
HG1078-HT1078_at,2811,1472,2250,2884,1550,2611,5776,1534,1471,1432,825,1556,1528,1653,2206,1461,2259,1271,916,1722,1883,681,2793,1166,817,1208,959,2905,1517,2466,1168,915,3453,7178,4443,"
"
HG1112-HT1112_at,1495,1120,1011,1208,1626,3655,1682,2218,1752,2062,1920,635,1533,1463,1210,2081,3496,772,2419,1727,1309,591,1623,1035,1006,3873,827,1013,1134,1157,785,2536,1358,935,597,"
"
HG1153-HT1153_at,1016,1682,4028,1462,3593,4661,2773,3093,1572,1252,3640,2147,2984,1542,1718,4744,4394,2402,2865,1581,1860,4845,3021,2548,4320,5279,3252,1761,2831,2338,4367,4072,3546,1892,3083,"
"
HG1800-HT1823_at,19655,14445,19456,21200,21516,21530,17016,18758,16861,17818,16816,14469,17471,20009,20159,18931,19799,15761,12013,17844,14816,21300,23182,20753,19550,17726,19352,11535,11800,16723,19347,20723,22614,15943,16484,"
"
HG1862-HT1897_at,4788,2189,1828,4721,3400,10164,2910,1812,1814,1909,2252,3136,2533,3768,4784,4141,5347,2926,906,2433,3566,1200,1495,836,1321,1805,874,1622,1673,1885,1654,3490,4885,2396,2300,"
"
HG2279-HT2375_at,3447,2807,2036,2496,3028,4738,2701,3858,2458,6282,2716,3452,2322,1518,2035,5168,5913,2809,5070,2907,4163,9689,3796,4093,5060,4714,4369,4327,2317,5973,5698,5244,8111,5736,4545,"
"
HG2873-HT3017_at,18100,20564,21816,24207,24405,22757,23426,23404,19758,22067,26575,16165,24154,24616,22692,22656,21976,22617,15757,19654,10597,26949,22817,22690,22661,24117,21718,17442,23450,19480,21479,22725,23945,17599,23001,"
"
HG311-HT311_at,7559,7022,5853,7380,6039,10728,7303,7233,5850,7448,9140,5791,6868,8592,8385,11166,11274,8317,5060,5155,5363,8791,8580,6921,10238,5354,5705,3369,2783,5193,8015,9152,8227,5093,5472,"
"
HG3214-HT3391_at,20707,30146,26201,23136,24378,18971,23792,22283,20710,20608,17598,18500,25698,22931,20347,13950,18594,22534,20798,23429,22800,23365,23695,23547,19641,18472,20726,16870,20371,20876,19211,24928,18127,27004,23617,"
"
HG33-HT33_at,12801,14862,16269,22868,12850,18447,13260,14833,12915,13477,17030,22367,15432,14323,17540,17506,18517,10103,17278,14239,13075,14689,17808,17231,13624,17868,20551,8997,6242,14150,10801,10015,17406,14991,11783,"
"
HG3364-HT3541_at,19899,17086,18443,16397,26019,19944,22178,23304,20885,20889,20176,21478,21778,23267,21901,19708,20478,22837,24712,21666,27061,24890,23213,23704,19497,20861,25427,16611,20397,21912,23421,24248,21154,31648,29483,"
"
HG3514-HT3708_at,4281,3901,3017,7076,4513,6532,3853,3140,2543,3762,3024,2775,2623,4416,6353,7321,7094,9817,1982,2150,2071,3689,6215,4155,5126,4969,2403,3758,2959,5743,4385,3499,6154,5506,6053,"
"
HG3549-HT3751_at,24223,23575,19238,29047,23523,24225,18166,24625,22065,18734,26205,29875,19970,23861,23947,24906,23847,24616,21499,18431,23352,25439,21563,17780,20699,20039,21091,15779,14577,15340,20553,18860,19438,14417,18608,"
"
HG384-HT384_at,9070,5887,11624,7500,10248,11871,8889,8376,5615,6075,8232,10569,10666,8888,4916,3151,10165,8088,6253,6658,6326,12253,11081,7641,10404,7043,6433,5013,8577,6419,8180,9599,6383,11082,7003,"
"
HG4297-HT4567_at,928,383,424,998,1239,1730,417,740,704,886,829,321,430,1025,1133,1797,2218,794,304,208,396,308,997,792,1007,1786,298,278,561,535,662,1349,930,197,838,"
"
HG4319-HT4589_at,13924,13327,18352,13667,16498,19330,16063,19359,11569,13639,19630,7847,14974,15861,18172,24656,14669,11759,13705,12661,6115,12208,18951,17569,22695,20443,18644,9449,15191,16381,17390,18452,18990,9428,10905,"
"
HG4542-HT4947_at,11003,9378,5760,8030,8857,13018,3688,10187,8660,8482,12457,9233,7266,11246,10268,13881,12863,9412,8415,6095,7117,12184,10807,8152,13085,8090,8508,6107,5157,7044,10448,10032,11562,6734,5319,"
"
HG613-HT613_at,11216,10894,14278,16958,19194,17884,15690,16051,14133,14412,15299,12268,16020,15920,13454,13705,16982,15887,12137,18910,9224,16968,14972,9576,12450,13631,17512,14200,13838,16827,13200,11575,14501,18386,10923,"
"
HG662-HT662_at,4767,4704,3785,6299,6247,9361,6229,5677,4331,4480,5727,4580,5148,7554,6936,6992,8839,3903,4673,3154,1644,5335,6947,5306,6609,4505,4540,2961,3292,5086,4983,4520,6268,5023,4765,"
"
HG821-HT821_at,14255,13363,13948,13223,13635,14363,15318,14968,11871,12012,14464,14463,15514,15535,13760,14688,16433,13166,14100,9519,9338,16771,16542,14705,15445,15238,12608,10246,9010,13006,14815,11886,15094,14493,16212,"
"
J02902_at,2447,2148,1285,1581,865,2006,1987,1892,1468,2438,1590,1820,1304,1012,2414,3132,2803,1938,933,1202,1522,941,2277,1574,2133,2377,1082,2145,701,1887,1355,1434,1609,1588,1536,"
"
J02923_at,1673,531,714,576,983,955,960,760,860,723,478,1090,1370,1132,1163,2753,2155,3056,728,535,945,641,1641,1019,3505,1187,978,1440,1070,136,918,1014,3153,1060,2555,"
"
J03191_at,5807,6290,6532,6777,6108,8751,7547,7047,4932,7301,5670,5610,8169,7237,6630,9180,9407,9331,9806,5901,7292,10368,6895,5010,8894,12026,6032,8574,11218,7171,6854,7687,12086,4988,9705,"
"
J03459_at,849,523,1338,785,884,1674,1676,1000,1372,518,3440,799,1265,767,682,1859,1927,674,1048,1215,452,3100,909,708,1361,4103,1088,1523,2501,999,848,917,4721,1187,1767,"
"
J03592_at,9621,5907,6167,8816,8361,10661,7007,15895,2757,9047,10380,11977,9783,9046,10990,18753,12299,10610,9294,4771,5828,14020,10560,7806,11109,9883,9220,6188,1866,4048,13331,10032,15216,6078,9596,"
"
J03827_at,6895,4823,3544,7214,3927,6795,3809,5831,4139,5012,3578,3868,5433,4332,6734,6258,4659,5699,3053,2806,4199,3813,8080,5684,6774,7931,4101,3764,4699,5680,4316,7948,6852,5343,4448,"
"
J04173_at,2398,1542,1547,1092,1805,3106,2420,1897,1437,2416,1405,1152,1406,1337,2543,2984,3162,2210,1977,1027,1942,4944,2144,1492,3707,4138,1818,1817,1963,3220,1717,2073,3519,1187,4177,"
"
J04988_at,4483,5738,6453,7602,5018,10813,8003,6328,3269,3904,9625,4344,4953,6290,8311,8866,12184,5765,5886,3932,2099,2494,7296,5462,6453,7788,7431,4157,4006,10557,7051,6587,7168,7650,3746,"
"
J05249_at,2004,1187,1278,1024,1655,3326,2307,1318,1156,1357,1169,1006,835,890,1103,2166,1416,764,1048,1604,1634,855,1597,683,1030,1650,1161,1610,1365,1727,965,812,1948,2157,1024,"
"
K03195_at,582,342,639,2358,697,798,588,538,1418,382,352,262,508,633,799,509,887,441,277,643,439,341,745,752,591,307,290,417,490,411,551,771,493,1184,627,"
"
L02426_at,822,873,676,1487,872,2654,688,1532,752,1549,1023,990,969,825,1194,2613,2307,1610,1021,290,925,1521,2291,1476,1255,1039,499,621,729,1265,1135,1858,1004,1366,1580,"
"
L03532_at,1684,2853,497,1775,1180,2585,1859,1388,1132,2220,1090,1324,1270,2196,3155,2749,2643,2173,1016,1114,851,173,2521,1168,1313,1384,589,445,572,1413,1290,2125,1089,683,678,"
"
L06499_at,20764,36200,28622,28380,37774,15390,29500,31076,36329,29313,22116,29051,31530,23802,27087,19932,17049,27923,44125,38545,36150,19842,23458,36297,20000,31321,37108,39663,33011,37374,27138,37795,20306,49267,41778,"
"
L06505_at,9324,5175,11659,9357,12156,10879,7507,14993,10811,7234,12188,12674,12417,12998,9548,13356,12173,14236,19612,11994,8121,14330,13363,14807,12220,12117,16411,9421,14021,9042,14134,15172,12165,14243,12429,"
"
L07633_at,3586,5453,2295,4595,3992,5709,4027,2917,1776,4192,3673,2515,2134,4550,4345,6682,6179,4010,2673,2420,2724,2753,1768,1975,2544,2936,1562,2664,1635,836,2440,1832,3285,1740,2743,"
"
L08666_at,987,1185,961,2404,920,1519,752,829,773,871,629,554,406,1347,1126,2796,3124,716,808,574,381,577,2855,1454,2312,1219,847,939,983,1441,1029,1443,1315,688,722,"
"
L10284_at,1859,1728,2336,2621,3107,3417,2844,1956,1576,1550,1958,1494,1534,1302,2095,3965,3358,1680,1715,2152,1179,1495,2292,2355,2908,3611,2018,2111,3356,1634,1872,2292,2993,1640,2511,"
"
L10838_at,2794,3287,717,2752,1357,3511,2166,1836,1718,2226,2151,3358,2241,1604,1622,2558,4008,1475,1026,1333,1372,170,1651,1770,1367,1586,959,757,766,1166,1081,1925,1244,932,790,"
"
L11566_at,12112,10206,12307,8948,8834,13261,10583,16198,10016,14610,17990,12937,12799,14332,12169,12267,14631,9118,12627,11440,7724,16925,12971,10219,15252,13323,9585,6926,9332,8168,15505,12225,11676,4925,9429,"
"
L12168_at,3477,1571,2103,1379,1987,2435,3558,2185,1285,1814,1591,1389,1568,1666,2428,3132,2568,1910,1655,1704,1601,3700,2354,2377,3748,4050,1702,2809,1833,2405,2521,1171,4917,2849,4033,"
"
L19437_at,990,1105,1468,1931,2866,1841,1273,1673,2007,1654,1531,1289,784,859,919,2472,3119,1565,1590,1246,1987,4850,2283,1949,2237,2268,2763,2061,2312,1770,3072,2086,3356,3085,3588,"
"
L19527_at,15020,12364,17493,13078,14840,17369,20723,15082,10206,15260,16473,16934,17081,16234,14049,13711,15326,10996,11291,12795,11957,19037,15431,12261,16166,18622,12956,9514,17206,10553,15379,12129,17219,8894,13710,"
"
L19605_at,1790,1429,1215,1262,603,1005,2097,721,834,1263,846,623,1421,1765,1962,1418,2248,2704,993,842,1408,4088,2138,1816,1871,2101,1138,1870,1744,1127,1937,1347,3119,1984,2509,"
"
L19779_at,4660,19693,1033,4481,2904,5431,3984,3844,3966,4431,21084,13488,12168,4670,5834,7643,4079,2598,639,1238,3927,7689,11468,15950,17961,2993,4086,3916,501,20633,11733,1260,3508,8851,2717,"
"
L22009_at,3401,4185,1600,1964,3271,2561,4135,1772,2579,2192,1609,2549,1805,3556,2411,3023,1998,3249,1934,3540,1342,443,3350,1932,1610,2714,1991,1288,1947,1499,1696,1693,2598,4221,1941,"
"
L25080_at,7881,6177,4785,5152,3433,7974,6812,7274,3249,4864,4885,3790,4517,5031,7425,8814,9384,7353,3028,3193,4499,5659,5109,3409,5917,6845,1784,3879,3015,5828,4016,3399,9345,4001,5880,"
"
L26247_at,4279,7905,3402,16136,3627,8052,3456,4037,6057,5202,6723,9089,6336,15224,13678,10197,14999,11105,1857,2049,3512,7878,11585,8898,9850,2486,2952,3604,1960,5962,7360,7089,5550,5131,6378,"
"
L27706_at,486,241,254,637,592,1117,807,839,367,462,653,365,146,290,477,1123,753,380,521,448,213,161,512,213,358,975,398,231,266,446,417,295,585,474,447,"
"
L28010_at,802,813,626,494,922,1608,937,1343,723,862,1073,421,566,317,546,1231,1598,333,636,566,582,300,471,446,559,2233,444,846,820,656,427,323,1062,485,637,"
"
L32977_at,959,941,638,1378,712,2023,881,947,778,1080,1033,658,887,1709,2355,2903,1884,1122,781,329,503,1545,1753,1554,1842,1572,265,581,969,1070,1057,1738,1264,534,685,"
"
L36151_at,1810,2462,1581,1596,1910,1870,1678,1801,1317,1483,1548,1716,1253,1985,2211,2283,2036,1947,838,865,1875,1574,2656,1548,1644,1335,898,973,859,1469,907,969,2350,5481,2953,"
"
L38932_at,2022,1494,1447,1099,1143,2478,2266,817,757,1045,1064,1199,1056,1396,1355,1919,1934,1230,1033,1156,1054,896,1909,1013,2021,1003,933,1428,1061,1521,1192,945,1308,1968,1169,"
"
L38941_at,15962,11852,16904,16685,15022,24273,15941,15475,11359,12584,13706,13460,13018,20050,14402,15400,20948,17295,11563,13088,7330,23661,22637,17062,18947,10351,14128,11671,16673,16459,15767,15585,10887,18911,13590,"
"
L40027_at,1125,890,535,906,1006,1286,1051,756,1048,767,770,613,728,661,783,1122,990,1151,858,929,803,804,1196,939,963,1321,666,816,590,908,1040,625,1401,1569,1746,"
"
L42542_at,474,188,579,517,506,905,673,455,437,478,477,479,303,149,277,923,1086,318,229,406,294,232,195,199,218,525,308,525,471,361,297,369,460,365,386,"
"
L43631_at,841,449,589,634,920,1307,904,967,680,893,530,567,575,615,782,1467,1298,699,614,630,650,232,1559,456,641,840,367,488,480,424,580,599,998,1650,697,"
"
L76191_at,1720,1052,418,1867,886,1973,2106,1590,478,784,1107,1594,1330,966,1759,4430,2688,2842,1505,860,1321,910,2299,822,1800,1036,715,1069,536,1075,621,828,1131,1485,1037,"
"
M11353_at,14913,7794,9013,13379,11063,16017,11629,11175,9545,9870,6069,6802,8171,8332,12692,14383,14028,12819,7858,9349,10541,14571,9441,7848,8523,9696,5426,6475,11859,11606,8667,11138,15332,17247,15170,"
"
M13450_at,2149,999,1430,1288,1107,1590,1192,1563,1096,1506,896,918,1058,638,1275,3425,1789,769,961,903,803,1221,1604,852,1350,1688,797,778,751,851,905,791,1428,1615,1285,"
"
M13792_at,3221,4142,1462,2208,3681,7756,4813,4714,3922,1850,4662,2931,3765,1826,2694,9487,5149,1365,2506,3777,5104,1027,6330,1319,1243,648,1004,1845,1162,1636,2583,1056,1562,8883,2082,"
"
M13934_cds2_at,14108,12229,15423,13773,14888,15725,15956,16093,13756,13158,15244,13721,17228,17659,15169,15722,15454,18332,22530,12854,8167,20506,17020,19295,17877,13623,14462,13773,17036,9211,19378,20506,15551,20918,18323,"
"
M15182_at,1491,984,1166,1265,838,1365,849,1149,826,1125,648,1074,578,724,1331,1327,888,981,699,1539,782,1540,1893,1076,1618,1716,746,680,1303,1339,1155,1167,1486,3760,1624,"
"
M17733_at,14223,27495,10723,20812,10944,18163,18928,16383,23712,21110,13661,19203,24451,15229,17962,19052,17351,22852,8483,10706,17305,22296,18943,12939,15761,19448,7419,19374,25420,16528,18200,7626,18214,8523,23272,"
"
M17885_at,20663,18486,25880,17117,23838,21619,25946,29601,21650,24142,26524,20935,26742,22775,19809,25139,22899,18359,26762,30173,14788,27224,21375,25253,25251,35742,26494,20069,27157,26411,26651,25774,22533,19348,18508,"
"
M17886_at,14744,13566,23159,21466,28736,15850,21651,25335,28810,20811,19288,22230,25683,19598,18947,17611,16519,19955,31500,31216,24041,19046,19069,28010,16269,28110,33254,27451,27585,28026,23125,28973,17044,18613,31703,"
"
M18000_at,17748,15087,18982,16934,22279,19196,21626,19983,16364,17342,21999,12072,18551,19460,19195,20170,17392,12999,22236,19109,11606,24115,20086,19357,21647,26990,20979,14948,25728,21262,22925,20795,19674,14251,18068,"
"
M19283_at,6284,5870,7440,5996,7176,11195,9701,8097,4228,5130,5604,5111,10216,5639,7605,16319,13570,12764,8897,5268,8319,7538,8996,5070,7033,11593,8884,7742,7920,7661,7410,4042,9315,6349,9964,"
"
M19483_at,2810,1808,2538,2737,4087,3390,2369,3312,2266,3159,2767,2419,3223,1915,2479,5980,6569,2994,3467,1928,1888,2775,2886,2626,3121,8396,2515,1968,1992,2717,2525,3251,3705,2778,2414,"
"
M21186_at,6312,6387,1878,3113,13617,9346,5390,9337,7328,6617,7014,7495,6098,5597,4620,10515,8445,8146,9913,10181,10922,14238,6798,5617,6079,16396,12777,15124,15334,8019,12201,4505,14521,9220,15436,"
"
M21259_at,1716,963,1453,1419,1857,3438,1524,1901,754,1562,1687,453,1519,1008,1919,2727,2398,1418,1375,1030,1138,1659,1987,1049,965,1633,847,494,1118,1228,1487,2551,1129,580,1216,"
"
M22382_at,1683,745,2649,1638,2807,4558,2636,2548,1735,886,4389,1248,1308,727,910,4752,2415,423,2256,1568,566,999,1326,1204,1112,5139,1238,738,1960,3277,1696,1788,2693,1762,1149,"
"
M22760_at,625,873,718,806,956,1484,1005,1139,677,889,970,577,988,488,765,2298,1061,1120,776,767,462,1505,840,780,918,1549,607,599,1054,884,1133,1423,1507,569,1098,"
"
M23613_at,9459,7925,7016,6355,9519,14338,8758,10369,6129,6777,7565,5805,10640,9539,10687,14473,14582,6468,7908,6246,3047,3461,10136,6613,6232,8514,8082,4383,7511,3086,8070,11729,6486,9195,5300,"
"
M24194_at,16944,20417,17509,20975,21877,18472,23118,27668,29721,23279,20815,23048,27841,22269,20507,22780,19639,24548,25559,20327,15439,23671,18944,17424,18672,25035,26829,16512,24327,12458,23619,27536,19770,23913,19516,"
"
M26880_at,6594,6406,5197,7521,3650,5654,9769,2794,2629,3959,6855,3182,3486,5400,5760,5837,7997,3853,2673,3334,1408,9117,7107,2966,4000,5078,1594,6290,1923,10071,6008,2968,8740,6796,7045,"
"
M29064_at,1513,866,1118,1601,2097,2336,1816,3050,1485,3537,1740,1423,892,792,1565,3611,2553,652,1537,1578,856,611,610,782,712,2492,744,846,1111,1363,639,1536,1490,1133,1264,"
"
M29877_at,2987,589,443,338,434,1103,465,313,524,1654,621,337,349,695,677,551,1115,204,479,419,533,413,900,321,378,442,273,340,260,212,337,536,691,403,704,"
"
M31013_at,2676,2080,1916,944,1689,2616,1950,4245,1944,2570,1688,2092,1706,3825,3250,9321,5471,5307,2721,1400,1487,2792,2998,1613,2590,2400,581,3313,1641,3467,1691,1106,3893,3556,4434,"
"
M31520_at,14924,9969,15831,16866,11969,16659,18969,11671,10746,10306,14190,9828,12939,12127,13199,14705,15112,12268,12235,10439,11085,19344,17548,15616,16090,12190,14192,8868,12212,11983,13630,9986,18183,13403,15008,"
"
M31525_at,1705,1158,1586,280,1130,895,1131,580,617,1316,1211,1192,816,1014,789,921,1157,768,946,991,869,1082,1061,1168,1190,991,945,862,775,1315,1553,486,1469,2239,1501,"
"
M31627_at,4971,3321,7208,5941,4539,8477,980,1978,6622,4834,3594,3692,974,1471,2151,4599,5111,591,1135,2796,5887,1009,1711,1369,2506,1599,1116,1013,1319,1941,1039,901,1316,3760,1494,"
"
M32405_at,6163,4591,6858,7547,7586,6329,7067,11169,8751,9668,7919,6820,9490,8114,7717,6024,7713,6244,7986,7434,5350,4208,6606,7152,4744,8807,6977,5832,8150,5806,8733,8858,4417,5389,8706,"
"
M33680_at,5565,3005,2881,5451,3250,6031,8630,11962,4283,4247,6024,5586,6205,3753,6570,11146,10196,4061,4608,7622,5452,3379,4125,1844,3281,4525,1012,-40,1237,3946,227,1221,2686,761,3959,"
"
M36341_at,775,260,509,832,661,932,679,414,425,295,392,254,357,478,691,967,728,565,197,396,332,428,913,937,457,604,385,692,653,823,318,491,839,750,929,"
"
M37033_at,6095,2203,3336,1504,2462,7571,3075,1618,2547,2840,3212,2164,2516,2373,4169,4626,4347,2223,2359,3687,2069,4703,2671,1365,4152,3624,1163,2293,2006,1959,1713,806,5749,4277,4385,"
"
M37104_at,712,625,521,1117,756,3011,898,568,497,603,703,742,638,538,753,1240,1468,478,471,404,668,776,813,520,519,720,367,457,605,494,499,1036,889,566,734,"
"
M37583_at,2030,1351,831,2976,1531,5439,1963,2661,1624,2996,2751,1683,962,677,1757,1919,2144,427,1250,1542,803,1071,1027,1945,1212,2952,1161,741,1486,1226,1096,1780,1699,466,746,"
"
M58028_at,2450,2640,1805,3940,1078,5807,3221,2107,891,1350,1275,3328,858,953,2123,5800,2307,851,2873,1951,3141,2451,2611,1755,1772,2763,1147,1783,1643,3805,1545,817,3998,4207,3102,"
"
M58285_at,1917,1453,1497,806,798,819,1458,1391,307,784,315,258,946,898,1239,1720,1525,869,958,636,569,1585,2024,1617,1549,1989,733,729,1111,955,608,389,1484,2605,1427,"
"
M60854_at,19478,20347,20081,15196,18429,18453,22118,27508,20630,22885,22485,20432,24524,22502,21334,19623,19196,16104,23364,20993,14709,20719,20258,21624,20015,18728,22579,16518,14179,15204,23572,23261,18521,16236,20788,"
"
M60858_rna1_at,5147,2708,3611,6487,6299,8450,6795,6222,3519,4434,2761,3338,4110,3598,6013,9515,7469,5942,4631,4611,2773,2530,4790,3178,4266,6684,3447,2605,3494,5578,4380,5563,6000,4942,4332,"
"
M62831_at,3035,8786,1455,12700,4465,7188,9950,3398,3701,2487,17413,7685,8666,4247,5952,9318,11617,6654,1180,1977,889,1178,3410,1693,2680,1629,1562,3149,1043,6187,5586,1319,9422,2843,2460,"
"
M64716_at,13008,12943,12985,11210,12810,12265,16670,11297,10828,11797,13801,10897,15807,12603,12171,10809,11960,9464,11688,10554,5688,17419,13495,16968,12777,15425,11897,9050,14208,8992,13622,11868,13575,10065,14211,"
"
M69039_at,403,224,1654,919,933,1839,987,1100,661,840,1123,987,813,509,291,1230,1521,632,1061,466,330,792,530,555,699,1309,556,488,1069,609,807,1290,964,428,671,"
"
M69043_at,1489,7285,2210,9757,1128,4069,5845,2842,1062,2208,4443,4024,11194,15457,5810,5342,5450,6227,1105,1624,854,3861,4705,11291,15105,968,518,3857,924,5286,9837,4005,18579,2483,6443,"
"
M69066_at,6766,3538,5916,9632,4179,8651,5191,3254,1862,2858,5981,3783,2260,5191,6880,10462,10113,6964,2828,2752,2302,5784,6873,5251,5544,9096,3044,5134,4507,7085,4734,2190,9188,6560,7267,"
"
M74002_at,1210,922,1879,1121,985,1869,823,934,502,584,610,459,761,1405,2159,1619,1336,1900,396,721,477,488,3190,1279,1523,576,424,296,287,756,986,556,1041,4619,1600,"
"
M74491_at,1815,1557,1888,602,2408,2481,3327,1365,1237,1120,1017,1130,952,1092,1754,1810,2459,2223,1370,1573,1448,1353,3003,2642,2363,3482,630,2166,1654,2262,1368,1575,2732,3554,2784,"
"
M77232_rna1_at,13058,10442,14654,10503,13064,18386,7997,14731,11095,6945,13258,10139,7798,14964,14770,13544,17212,11234,10285,12887,5505,12353,15600,13249,13045,11557,13748,9405,12841,11948,12824,14724,14675,19071,9610,"
"
M81601_at,1467,847,639,2102,1426,2540,1136,967,848,781,1559,1147,840,985,1429,2139,2241,1304,601,826,940,449,1459,929,1394,1131,485,581,1086,897,818,1075,1490,718,931,"
"
M81757_at,19295,20016,18686,19153,18576,23491,17078,17134,20275,21235,21880,19076,20751,20125,21140,25169,21970,15345,14165,18249,17328,25790,13765,18343,20390,15328,18039,13421,18715,13327,22579,18980,20228,18545,15568,"
"
M84332_at,3248,2708,1556,3474,2008,3742,2480,2313,2670,2518,2231,1666,2096,1983,3404,3721,5772,4217,2089,2518,3136,2327,5100,3767,6407,4433,2270,2973,2241,5169,2967,3425,4661,3396,3977,"
"
M84711_at,15442,13721,18701,6181,12303,20114,12895,12136,13951,13567,11786,13049,12294,16109,12156,15734,11219,11687,5482,12298,8505,13058,18131,17595,12166,11063,6674,7551,14025,13099,11967,13525,10420,13489,10284,"
"
M86400_at,6534,3215,2639,7271,2990,5422,4561,3448,1802,2632,3352,2308,2899,3768,5671,6994,9236,11195,2346,2332,2740,2070,4885,3879,5866,3669,1806,2265,2588,4640,2759,2545,5029,1935,4438,"
"
M86667_at,2283,1267,1707,2021,2242,3254,1230,4398,1656,2306,3006,1695,2651,3178,3656,5504,5048,2631,1370,1784,1212,1075,1508,2023,2681,2876,2476,933,1712,1285,2020,1364,1711,1588,1637,"
"
M88108_at,1988,1682,1389,1697,2179,1647,1202,2247,781,1698,1820,859,889,1254,1976,3865,2236,2545,968,1181,983,712,1523,1498,1396,1647,760,621,1349,923,1186,1012,1496,1070,1728,"
"
M94556_at,814,446,849,1216,958,2253,710,862,548,920,651,473,959,663,947,1931,1052,452,621,916,528,1319,1170,472,394,1053,367,395,590,639,674,1232,1219,900,1051,"
"
M94630_at,3364,1610,1767,2163,1622,2996,2239,2330,1586,2308,1477,1121,1796,1507,1765,2437,2972,1967,1645,1967,1492,785,3049,2996,2220,2380,1069,778,1013,1265,1502,1619,2574,2198,1709,"
"
M95627_at,1228,1289,1288,876,1162,1770,2071,903,951,889,855,906,784,892,1286,1942,1491,1091,1243,968,635,809,1705,1144,1202,1147,672,1233,682,1489,1323,795,1516,2301,1295,"
"
M97287_at,1122,1356,1067,667,935,1442,917,535,1355,956,851,1166,723,1651,1153,345,1703,1418,332,1354,892,403,2267,1184,1500,1111,544,760,992,732,891,512,634,2857,1091,"
"
S73591_at,9564,6124,3560,3587,4677,9468,3822,3816,7715,2793,2447,1991,4156,17060,15973,8242,7432,11819,813,1962,1619,9054,6371,4406,7018,5269,3019,3780,2886,10388,2937,4112,8795,3353,8803,"
"
S77356_at,1376,907,9674,1507,1143,2526,1504,558,382,597,247,317,482,692,1026,798,746,817,896,1024,625,962,2605,1297,2508,1317,1053,1038,1890,1140,1257,680,3265,17952,4216,"
"
S79522_at,14205,10039,13597,13353,12627,16254,12244,10306,10924,10272,10831,10514,10632,15581,15610,13695,16599,11614,7284,9911,8098,16362,15378,14691,12871,9702,10029,6367,6004,10594,12619,13368,12887,15973,11310,"
"
U02493_at,6944,4210,3292,7963,2660,11152,3837,4674,3526,4447,5542,7179,4537,3534,4865,7843,7436,4168,3160,4380,7211,1093,6952,2844,4131,5456,2871,2500,3035,3454,3485,3199,4180,3226,2305,"
"
U07802_at,2557,1911,710,4605,1950,2900,1004,2099,2495,584,1304,1726,1497,2786,4845,4093,2935,1234,1418,597,1082,752,1227,1037,1758,1841,1088,1075,921,1822,811,399,1817,3415,2017,"
"
U07857_at,3237,1385,2037,2947,2097,6453,2364,1945,1735,2222,1648,1244,2031,1999,4389,3452,2474,2261,1542,1336,1220,2713,2703,1969,2598,2522,1120,1091,1376,2301,1390,1784,2978,1257,1946,"
"
U09953_at,14573,11396,14700,17702,16544,16914,15988,10317,10838,11272,14397,8435,10349,15527,15511,15481,16166,15860,10837,13073,6657,16382,16151,10742,12859,14020,15008,9269,12988,12980,16105,11812,14320,12405,13680,"
"
U10323_at,3215,3374,2067,2798,1792,4298,2109,2722,1677,3122,1599,2033,2339,2786,3180,3670,3304,2967,1660,2438,3329,1423,4015,1331,2621,2841,1130,1594,1299,1931,1636,2957,1652,1632,1061,"
"
U11861_at,1587,2266,923,2071,1252,1646,2119,1538,1273,1340,1887,1064,1786,2046,1698,1786,1762,2122,1183,1096,790,1589,2179,1844,2467,1527,921,1598,1137,1560,2000,3007,1978,1377,1617,"
"
U12404_at,16874,10718,12138,17724,17489,21144,15572,15882,13064,12656,16121,14298,17962,20219,18236,20628,21850,18557,16000,15730,16613,20338,16986,11798,18058,14870,19354,9075,15570,14259,16301,15965,17565,17662,15054,"
"
U12465_at,11717,9257,10785,9136,14858,13958,15357,12953,12203,12200,16239,11203,13143,13272,10450,11357,12400,9019,13251,9378,9135,15908,12550,10869,12751,12672,12581,6636,9576,8821,18916,17504,12364,13202,12853,"
"
U14603_at,1890,1923,1219,2084,1368,984,988,1532,853,1206,623,1033,1123,2236,2950,4258,2312,3421,604,543,335,1918,3925,1934,2301,1137,558,714,604,1313,1552,2292,1731,1279,2868,"
"
U14968_at,13353,12994,12840,10495,11963,18141,10029,16624,16388,16400,13034,15234,16665,16628,14478,13558,16659,5628,16449,14059,4323,20088,17212,16519,15206,16627,16608,13074,16046,11114,10605,18491,9608,15276,13979,"
"
U14969_at,19130,21552,21867,18640,23006,19009,24788,27441,28330,24747,23889,23230,21831,21787,19232,20655,19863,17073,27134,21274,11654,24187,20855,24921,22157,27028,26056,22626,24341,21483,23318,24166,21291,20066,18812,"
"
U14970_at,15119,17547,17910,12360,21270,20378,14126,19739,14066,15594,22210,12573,14603,17245,13321,19303,17566,14021,18529,16307,6746,23111,12454,14423,19602,24064,22503,11173,24349,16487,16785,18871,16474,8832,8993,"
"
U14971_at,12143,12934,7975,7029,13402,11892,10070,14375,9530,9357,16864,9584,9462,13882,11016,13626,14419,10998,11790,9251,2463,17729,14252,11044,15545,11077,12510,5464,9553,10841,13300,10323,11829,18567,7717,"
"
U14972_at,12720,10278,13117,12529,10822,16759,12274,15292,12376,13352,17778,16077,12295,12638,10743,13132,14060,8532,14309,9978,7033,15419,11173,15153,14940,16058,17612,9334,13886,9107,15003,15357,12547,5972,8949,"
"
U14973_at,19398,28844,23397,24690,30741,17741,26818,22643,23323,22548,21184,24371,21764,20475,22570,19186,16642,22440,29556,27974,18403,22205,21306,25597,19355,25784,28083,23058,25442,28592,22822,23151,19833,30157,32020,"
"
U15008_at,7093,4212,4829,3933,6539,9267,4601,5632,4850,6067,5967,3403,5470,3400,3996,6718,5551,4251,4286,4215,2127,10726,3906,4618,5650,6277,4377,1978,5099,2212,6601,7719,5720,3044,3926,"
"
U21858_at,425,325,317,544,287,386,303,255,278,320,440,222,242,569,698,856,602,367,219,239,200,383,482,520,333,434,226,197,429,502,364,412,431,425,315,"
"
U24105_at,3163,2172,2371,2219,1508,1994,4087,1175,1040,1400,1338,1243,544,1439,1962,2899,2268,1511,1809,1977,953,955,1987,1804,2830,2614,1729,2747,1957,2520,1812,758,3677,3231,2916,"
"
U25789_at,6556,3176,4772,7896,7945,10338,5692,7164,7449,6365,6627,5433,7829,9038,7582,10110,8365,6747,5562,5451,2610,10729,7065,6438,7534,5873,5998,4089,5870,4165,4933,8489,6955,3844,4455,"
"
U29607_at,7072,2981,6065,7432,3189,5870,9208,2863,5083,3297,2548,4799,3751,5274,6337,3743,5571,3396,2264,4372,3218,1480,6762,3912,2703,2860,2504,4948,3516,5307,3120,2499,6394,18583,9183,"
"
U30521_at,2191,1308,737,689,1281,2415,782,2022,651,2342,506,752,853,430,1966,5316,2661,1618,1138,1964,480,315,749,408,339,2078,658,856,1108,381,799,1217,745,1141,1019,"
"
U31930_at,2070,1221,1199,2445,1718,5315,2112,2208,2187,1919,1864,1331,1076,756,1371,3476,1992,726,1914,2832,1967,1019,1104,1001,883,2363,1185,568,1641,1233,1688,1856,1275,3857,1554,"
"
U33286_at,280,289,319,298,596,1259,411,663,584,529,438,225,176,223,418,689,403,252,574,563,465,335,184,168,173,703,273,340,558,283,140,382,321,596,414,"
"
U33818_at,573,304,487,663,531,994,398,785,497,320,751,480,672,709,1105,1669,1022,968,903,494,284,487,1309,559,798,1499,837,500,1135,630,888,1127,1708,1138,759,"
"
U36764_at,1024,861,852,891,748,1087,1161,848,687,788,907,870,1044,901,987,1847,1138,734,918,612,447,989,865,770,1505,1325,695,884,900,949,901,1214,1222,596,741,"
"
U37690_at,1490,1424,1452,1536,1945,2315,1495,1870,2096,1618,1683,1331,1265,1155,1287,1491,2176,763,1630,1642,884,4461,1464,1763,2042,2777,1419,1907,1624,1584,1705,1875,2554,1870,2207,"
"
U38846_at,2170,1156,594,1248,2242,3913,1668,2319,1410,1953,2708,1793,1615,940,929,4773,3342,918,1959,1297,1159,897,925,597,1282,2489,1338,556,2052,1179,1113,1675,1247,862,1056,"
"
U41371_at,1149,1165,743,1003,619,1067,1124,1923,805,1264,757,719,776,976,1387,860,1984,1148,893,826,615,806,1996,1062,1420,1611,691,834,897,999,761,1078,1243,1439,1341,"
"
U41635_at,2044,2582,1260,1194,1826,2534,2257,1574,1584,1572,2013,1403,737,1622,2027,1594,2850,1316,2364,2065,981,2442,3189,1886,4892,4908,2028,2936,2908,3411,2216,895,4714,4299,3250,"
"
U44839_at,4819,3915,4602,4048,2946,7119,6830,3158,2838,2864,2445,3293,2425,3190,3594,2690,4641,2922,4019,3991,4064,2843,5285,4469,4400,3618,2500,3922,2780,4118,2457,2269,3869,8493,3764,"
"
U46025_at,2696,2887,2266,1368,2080,2764,216,4070,1581,1881,1683,2616,2925,1594,1231,4346,2572,2527,2955,2227,2468,1550,2578,1500,2168,1323,2091,843,1421,1881,2442,3662,5298,1683,3211,"
"
U49785_at,1258,639,992,459,598,1251,702,676,548,624,685,392,344,797,738,1244,904,731,891,1032,533,1174,1040,947,911,871,770,967,986,626,917,606,1009,973,1130,"
"
U49869_rna1_at,12454,14551,14339,23350,13367,21604,12139,15311,22926,16798,8897,15172,12372,11727,16707,10095,16717,18182,6730,7413,9966,14530,18122,15775,10688,11651,6157,7007,13746,15412,9357,17243,9753,13226,10186,"
"
U49973_xpt1_at,1137,1670,1500,908,561,751,1978,494,675,687,432,818,315,1156,1298,510,865,686,549,1179,587,76,1118,1082,802,838,603,1245,1075,1228,597,169,703,2263,1390,"
"
U50523_at,2567,1013,2326,1179,1763,1875,1483,2298,1035,1366,1275,983,2065,1701,2031,3181,2174,2727,978,973,1296,5878,4369,2518,2965,2604,1497,1032,2203,2180,1640,1814,2499,3299,4186,"
"
U51240_at,9059,11027,3004,10820,6392,7528,3665,6092,7117,9766,11375,6753,2854,10066,11334,9475,11724,5736,3869,4568,4743,4780,4158,2799,5420,2023,2030,3214,1839,1094,3220,1525,5216,1927,5708,"
"
U51336_at,1698,1035,692,1560,806,1469,1416,1097,901,984,643,695,611,968,1113,1611,1129,799,654,793,1423,2730,1734,856,1974,1474,717,1183,796,1042,777,878,2753,1756,2706,"
"
U51478_at,3756,1733,1190,2242,1933,3024,2085,3047,1370,2827,1360,1462,1376,1365,3827,3491,2083,1611,1442,2829,1954,2306,2209,2009,1529,2020,1155,1044,1876,2557,2494,2329,2868,2152,2029,"
"
U52427_rna1_at,1340,1305,762,691,1080,2078,839,1199,581,1767,1399,955,858,564,841,2066,2052,701,843,509,937,1066,964,716,816,955,467,411,720,567,958,751,800,748,1040,"
"
U53347_at,887,36,329,1708,798,1407,292,1083,682,558,1190,629,858,665,531,1449,1128,397,838,1096,1087,214,397,661,658,857,375,182,515,283,363,586,1353,1965,1811,"
"
U54778_at,1965,1228,1810,1372,1557,2763,2248,1217,540,1074,1401,636,773,541,1105,2180,1701,659,1233,1045,726,1290,1174,1226,869,1671,662,791,984,1850,798,558,2266,843,1167,"
"
U56417_at,1098,965,1029,1038,666,1507,938,455,360,641,440,659,436,578,1197,689,1036,502,666,1223,1453,565,1654,571,720,1752,874,1264,1178,1077,101,819,1308,1854,1216,"
"
U56637_at,4531,504,1759,709,2429,4652,1376,2556,2016,1334,664,766,1353,1308,2219,3181,2087,2689,1650,2057,884,4460,3686,1478,2030,2905,1580,1301,3375,1040,1512,1958,5035,3806,5796,"
"
U57342_at,2164,1431,1941,1661,1111,1962,2557,928,1069,1445,1660,898,880,1063,1462,1911,2290,1921,1270,1207,1215,1300,2772,2504,3280,1145,1108,1888,908,2100,1224,1095,2583,2437,1892,"
"
U57650_at,1956,1134,854,1462,1298,2685,1645,843,961,1395,1243,926,925,1198,1487,2581,1596,2135,1328,1380,2267,1883,1914,887,1556,2420,1450,1727,1562,2717,1162,369,2586,3261,1723,"
"
U58682_at,11731,9366,8063,7998,10729,13176,10762,14083,9124,10681,14886,8856,11232,12221,11172,9964,10300,8468,11384,10021,6438,14715,9961,11141,12271,8022,10014,4738,8495,6981,12763,9286,9383,2095,9288,"
"
U62962_at,3512,1549,2355,3358,3208,5467,1626,3036,2480,2108,4060,2210,2913,3408,3568,5059,5976,2761,1992,1114,874,1712,3158,2830,3237,2258,2794,1156,3165,1892,2402,3266,4401,2515,2446,"
"
U64444_at,995,955,496,1092,703,1074,1007,759,548,987,862,466,617,941,1265,1044,915,1006,664,584,693,572,1330,724,705,754,379,547,609,791,809,738,1031,948,840,"
"
U68063_at,1335,1310,556,1289,1468,2050,1068,1789,923,1461,1890,574,1299,1015,1443,1777,1266,1000,768,955,643,456,763,486,484,1156,424,568,958,1866,609,884,1041,1027,778,"
"
U70451_at,1537,1013,803,963,958,1036,1065,619,531,650,635,695,439,793,949,1614,1481,964,996,957,732,1317,1812,699,1269,1046,467,1403,788,1330,638,369,2624,1255,1992,"
"
U70735_at,1272,1136,818,1179,1065,980,1310,976,646,1470,1039,701,578,991,993,1543,977,494,1013,986,821,944,915,786,940,936,740,782,834,713,839,1054,1158,959,919,"
"
U72511_at,1972,449,2229,1711,1607,2082,1502,2005,1564,2020,2267,1491,1279,1075,865,2303,2644,1346,2434,1318,1151,1973,1438,2035,2654,1270,1829,1406,1925,1211,1618,2036,1727,1049,1371,"
"
U73379_at,1630,1074,2131,1071,1389,2287,1455,1997,2105,2376,709,708,1056,534,673,517,531,490,2169,1506,1006,681,1012,762,713,2844,856,850,1463,931,1285,1064,1260,2597,1021,"
"
U73824_at,3528,2563,1414,3940,1926,3013,2659,1394,1651,2637,2793,1750,1720,3410,5204,3329,3868,5273,1355,1364,848,843,3617,2926,2114,2746,815,1632,1157,3153,1484,2434,2187,2111,1573,"
"
U77948_at,1114,856,761,1171,874,1430,974,1557,1197,1415,1083,864,501,514,1018,2222,1374,1399,252,903,589,204,929,331,479,400,373,250,374,570,290,754,757,940,729,"
"
U78027_rna3_at,13706,5776,9890,17803,7489,16816,6991,8437,9323,8026,17343,11606,8581,9834,9995,14291,15232,6823,7319,8837,8098,11283,7732,6965,9292,6542,8887,4234,8125,6760,7065,8298,9657,9914,9336,"
"
U78521_at,2837,1880,2200,956,1853,2948,2564,1696,2168,2254,2298,1709,2325,1948,2012,3339,2862,1677,2558,2078,3517,1425,2490,1959,1384,3258,1273,3066,1576,2169,2013,1277,3269,3551,2889,"
"
U79262_at,1013,936,636,681,672,1087,940,903,834,1102,720,776,697,666,686,1006,925,510,681,638,543,535,825,559,713,749,715,918,685,652,560,554,605,889,942,"
"
U81556_at,1605,953,1207,949,954,1754,712,1199,1132,1335,529,622,440,1381,1283,2166,2519,978,883,381,381,963,866,404,636,1920,581,1230,965,1478,618,728,1524,1439,1485,"
"
U83246_at,3347,1767,2261,1706,2088,1953,1289,2133,1889,2389,1014,1319,1669,1503,1685,3701,2999,964,2154,1207,2859,1114,1252,1446,1843,2391,1124,2228,1603,1896,1400,1175,3289,1794,1128,"
"
U88964_at,3230,2290,503,1400,1214,1457,1539,1332,2333,2583,1665,1452,1175,1941,2702,1338,1711,709,848,1696,1492,355,738,724,541,1268,385,782,723,1580,468,484,894,853,861,"
"
U89336_cds1_at,2545,1257,805,1003,758,1831,1467,629,579,1366,552,875,1089,2105,1699,1525,2145,1802,861,1619,1380,3866,1677,951,1852,1967,1120,2191,1762,1996,1480,1086,3767,2751,3373,"
"
U90426_at,710,972,1111,1023,516,918,1162,1310,735,1267,830,766,948,1328,1610,978,1150,874,886,543,325,607,2462,597,660,1120,283,568,742,981,786,719,909,1965,808,"
"
U90878_at,812,958,3030,1349,1666,3352,3511,986,1148,638,1281,1126,1268,802,1147,678,2937,403,1213,2227,4646,642,2421,1341,2110,834,481,1616,750,2479,862,1506,1063,1347,1183,"
"
U90909_at,800,557,442,1189,424,1370,461,511,331,441,430,355,295,1091,2299,1320,1267,1193,264,404,424,317,845,766,708,601,304,414,229,951,766,738,743,845,701,"
"
U90915_at,3970,1552,2622,3012,2624,5057,1473,2634,2915,3205,2068,1490,3440,3808,4236,4350,3478,3820,3143,2314,2272,6106,4069,3586,6175,3856,2338,2154,3395,2670,3604,3355,5507,3063,3542,"
"
U93205_at,6722,3592,4364,2501,2561,6274,3805,5912,2245,4033,3585,4148,4074,2998,3400,8148,7873,7432,2963,1884,4491,9142,6419,7102,9254,4799,2350,1360,2333,3860,4655,3362,5691,3654,6111,"
"
U94586_at,1621,1004,1405,3005,1958,5042,1619,1344,1216,1313,891,773,546,1597,2732,2538,2053,2207,908,507,317,3357,2304,2214,2004,1070,607,874,1167,947,914,1508,1940,1141,1702,"
"
U94592_at,3009,1361,1421,1877,1441,1737,5614,1927,2622,1762,850,591,1568,1766,1793,3121,2964,1970,1710,1390,937,1627,1657,1355,2624,2361,436,2324,702,2984,1191,1382,2377,3283,5298,"
"
U94855_at,3785,3326,1175,4866,1544,6184,2487,3263,3326,3386,6660,5622,2778,3726,3724,4108,6720,3664,2763,2353,4382,1561,2344,1745,2817,2784,2061,1307,2011,1866,2394,2679,2097,954,1540,"
"
U95040_at,4220,9450,2421,2960,2450,4193,3807,4907,2545,5261,3727,3089,2617,3163,4113,4611,3825,3339,5741,4668,4738,900,5044,1932,3214,6809,3929,2488,4226,4163,3710,4761,3446,3765,2768,"
"
V00572_at,2933,2315,1440,5302,2183,7016,3136,2592,1439,2913,4576,3605,1348,1794,2578,5432,6195,4955,2753,1465,4051,3908,4075,2811,3949,4651,2356,2290,3603,4436,2812,2136,5164,2640,2423,"
"
X00274_at,19748,21598,25969,15333,10841,18580,16424,14339,18871,24948,14532,16170,12996,16888,22970,15534,16638,6116,8156,20417,24186,15270,8869,3650,18252,10343,1780,24629,9902,19502,16070,3670,21350,10640,27467,"
"
X02152_at,2824,989,3800,2340,4539,5160,5333,4672,2559,1844,5262,2103,3593,1720,2327,10271,5506,4664,5192,2317,3271,7411,1748,3435,5988,7531,2199,1938,4639,4425,4923,4466,7431,3564,3593,"
"
X02317_at,1598,523,1313,4760,1609,12955,1584,1136,2632,1085,3261,2614,1044,1290,1647,3607,4832,1207,1193,1539,4217,1098,1048,730,1060,1611,520,871,1024,849,1143,3629,1493,1244,993,"
"
X03100_cds2_at,9110,4690,8939,3167,3639,4919,3719,2783,3403,6806,2829,5254,1488,4398,4580,3996,4276,1380,2102,4089,4308,3549,1377,506,5697,1739,603,6182,1962,4900,3665,756,11016,3700,6931,"
"
X03342_at,21379,20622,25681,24462,25410,21948,24145,26780,24635,21760,24741,21735,23099,24236,23090,22082,20879,25709,25853,25404,33530,23768,22008,21304,21184,24198,29806,20351,27041,22159,26167,26971,22073,30265,30667,"
"
X04085_rna1_at,1057,847,784,5517,1876,1976,521,2216,3033,1105,1058,804,812,318,498,5407,2228,2504,651,672,1049,1551,3823,5629,3852,1016,7671,615,4558,489,339,2016,1251,8970,3570,"
"
X04106_at,3259,1455,1723,2266,2366,3364,950,1596,2100,1239,1026,1106,900,2313,3343,4704,2876,3672,2271,2358,3121,3114,2168,2677,3404,5149,1601,3495,2104,4688,2834,2784,4896,3789,4918,"
"
X06617_at,19910,21250,20250,17283,21530,19966,21961,22181,21986,24096,23924,22238,22940,20955,20945,17801,19347,23568,17805,21205,24478,22208,19586,19456,20196,19193,21215,14472,18302,13286,23775,19269,19780,14647,21300,"
"
X07979_at,2069,731,2059,1248,1019,2462,1384,964,1093,999,263,785,1014,971,2960,1809,1071,2139,733,561,1875,1680,2977,1369,1234,2469,613,1122,1762,1835,1191,1934,2073,1157,1556,"
"
X12447_at,1930,3232,2540,3560,5593,4410,6154,6937,3930,5188,4178,4029,3821,3662,2732,8353,5374,8204,11658,5188,7968,11229,8264,7037,9912,18426,11417,8011,11576,9324,9004,6900,10649,9298,8947,"
"
X13238_at,2248,1021,976,2126,1328,3273,1138,1731,1432,1743,1733,954,1548,1605,2562,2661,2762,1990,1135,983,1141,2242,1402,1220,1186,1524,933,581,1416,782,1145,1793,2569,433,1165,"
"
X13546_rna1_at,3535,3304,1484,4804,2742,7303,1426,4431,3107,4662,2805,2460,2111,2147,4243,3035,2141,2454,2858,2603,4079,1662,3294,2184,3046,3456,1649,1097,4499,1124,2576,3186,1914,1499,1765,"
"
X13794_rna1_at,2583,815,2626,1638,3215,6031,1420,2251,1492,2300,2465,1698,2201,2533,2416,3966,4754,2875,2771,1864,1164,2282,3097,3198,2705,1672,1939,1041,2188,2967,2973,4398,3088,1303,651,"
"
X15183_at,4243,5021,2970,6848,7251,16859,3718,8160,4595,2530,7518,4951,4311,5312,5371,7321,6622,6530,4800,3558,5111,3720,3728,4193,3292,5153,2563,1712,3662,8140,5239,7017,4627,5042,3403,"
"
X15341_at,4290,2867,4535,3359,4026,8949,3996,3688,3687,4084,3186,2884,3593,2866,3964,6479,6157,3730,2973,2199,4026,10390,4009,2856,3670,6082,2338,2788,3354,2462,4631,5829,5535,1876,3618,"
"
X15414_at,1999,1076,992,1443,512,3395,1700,1300,1281,1343,1576,1630,1185,745,1643,2011,1890,377,1360,1060,823,563,534,410,622,1234,656,615,582,838,540,1397,1097,867,634,"
"
X15940_at,16669,15068,19260,19110,13936,18157,17989,20024,22243,17469,20931,17550,19789,17745,16743,17405,17608,16873,14107,16268,15114,22089,17350,19963,19133,16243,22151,11640,19715,12885,20525,21966,17970,14178,22984,"
"
X16064_at,21116,31379,27912,25307,18740,19735,18269,19572,20080,18750,19048,21210,17396,22797,24447,21432,20060,21519,16524,29046,22289,22749,21741,23195,20072,22031,25270,20542,22200,23956,22242,13209,20907,25743,27947,"
"
X16135_at,3490,2196,1654,2303,2109,3900,2235,2643,1800,2195,1347,1572,2331,2312,2510,3512,1532,4860,1557,2003,2424,2913,3731,3652,2837,1842,917,1007,1613,2815,4093,2523,3100,2437,2928,"
"
X16560_at,4108,2121,3569,2534,2660,6266,1776,2028,2293,2471,2763,1507,2464,2685,3758,4505,4054,2103,1757,1941,1980,6214,2753,2918,2308,2332,1780,1397,1741,938,2907,4624,4058,1710,4404,"
"
X17206_at,22525,21262,26504,20899,13804,21018,25043,29493,24522,24754,27985,28903,29468,26810,23849,23992,26073,27652,36930,30459,15464,26414,23274,30525,24782,29391,32977,24128,30297,21819,27447,31305,23899,24678,14505,"
"
X51466_at,12044,6500,11000,8363,11824,11306,7033,16508,9352,9384,13489,14815,16511,14060,14070,14273,11967,16600,20513,10923,8558,11151,12200,10893,10117,12482,15814,3820,15036,15449,12730,12527,11708,8770,8882,"
"
X51521_at,3989,1870,2771,4818,941,3623,3649,4422,1206,1516,2349,3234,1896,1924,3837,5318,6247,6014,1907,1609,2503,1599,1818,1088,1150,1735,438,998,1070,1842,2001,1177,2122,1594,2409,"
"
X52851_rna1_at,11370,4627,8877,7405,6539,13949,8241,6826,5997,6693,6314,5079,4040,4525,8254,11096,10064,5707,7996,6313,7041,12110,8111,5845,6676,7574,4905,4642,7089,5715,7208,5394,11660,5958,6827,"
"
X52882_at,1127,504,938,1999,987,3928,608,1034,1182,831,1232,1095,603,641,1694,2651,2087,1543,721,414,592,253,1961,516,563,809,493,540,613,1020,916,1349,655,1558,736,"
"
X52966_at,8900,5474,7137,4948,5898,11472,2112,8124,8588,7301,7120,4698,6946,9811,7870,9550,9676,7097,6797,3607,6474,13574,10869,10509,10229,5077,6340,3699,6304,4885,9886,8689,6958,5362,5008,"
"
X53777_at,13517,8627,10133,14267,6648,12307,10049,10539,8968,10202,13021,11388,10193,14546,11668,12354,15326,10981,8171,10310,9138,13791,10683,9443,10749,10220,9984,4778,12868,9493,13147,11810,14577,8501,7816,"
"
X55715_at,15190,14143,14345,16216,10069,15228,19317,16765,14229,16359,16738,15417,16053,17198,16771,16111,17115,15265,19215,24508,15180,19683,17137,18380,16878,21066,27623,12206,24043,23017,17665,16313,17175,16076,12364,"
"
X55733_at,2260,2252,1216,2079,1588,1357,2658,2418,1709,1971,3092,2282,1918,3045,1033,4662,5599,3015,1984,2356,1817,1670,1925,2258,2286,6212,4282,646,2709,1918,2332,2362,1274,1241,845,"
"
X55954_at,15895,12164,18304,16241,13516,14719,15552,16352,11843,15950,15630,15575,16099,15441,16043,13746,14114,13330,14569,15710,15439,18521,15244,11531,14059,12433,14637,8271,18498,9152,16508,14631,15679,16694,13933,"
"
X56468_at,2689,2013,1524,2767,1628,3862,1642,2144,1495,1667,1660,1324,1616,1384,3136,3860,4312,2869,971,1274,1093,704,1688,1078,1617,1526,711,673,856,1515,1113,1816,1057,1057,746,"
"
X56494_at,2634,2771,2441,1168,1086,4187,1596,947,737,2976,2060,1585,2227,1989,2998,1605,3479,1242,2741,1709,2310,4849,3429,2218,3472,4433,3296,2367,1644,2969,3082,480,7096,3884,4962,"
"
X56932_at,21121,23717,21940,22200,21650,22605,23548,25633,25462,22725,21947,23204,24990,23434,24034,22005,21703,24748,22897,17082,23456,29380,21727,23708,21631,18239,22630,18706,20114,19227,23679,28067,20869,27836,18196,"
"
X56997_rna1_at,11777,8263,9950,10440,11687,14761,10520,11978,12415,9689,11226,8274,10779,15115,13111,12661,12879,11210,11853,4727,9466,18637,14445,11302,13661,12249,9912,9687,11762,8418,14478,11816,13098,14642,15098,"
"
X57346_at,1873,803,1010,955,308,1710,1286,1039,826,1094,987,750,689,982,1875,1777,1711,1591,1203,805,871,1272,2210,1074,1408,1445,654,933,907,864,1019,867,1299,585,1153,"
"
X57959_at,8650,5846,7789,8418,5549,9201,7224,5835,5148,5857,8909,5849,5332,7032,8418,7542,10236,7648,6063,8435,4298,7094,7644,5060,5946,6020,7199,4376,7730,6354,8520,6237,11503,6465,6915,"
"
X59417_at,3016,4646,2141,3090,3198,10565,5279,3686,3619,5420,3770,3972,2962,1076,3102,6609,6622,1438,2833,648,4913,1439,666,764,1683,1629,469,420,1151,1012,614,2284,1453,986,720,"
"
X59834_at,958,366,484,1220,668,1492,321,1178,848,581,341,385,315,371,973,5562,1670,1027,751,584,767,1294,1600,1192,1908,1847,939,772,1013,1187,1841,665,1373,3730,1146,"
"
X60036_at,4615,2515,3244,3867,3868,4723,3273,4348,2564,3294,2775,2226,3660,4434,6068,6922,6801,5408,5015,3298,2722,2178,5973,3851,4456,5772,2867,2274,2907,4150,3673,4655,4532,4803,3199,"
"
X60221_at,2126,1018,2124,1088,1647,3483,961,1549,1225,1094,1006,820,986,1238,1370,2732,1735,1358,1303,836,920,2084,1792,1649,2493,1658,949,760,1181,938,1673,1569,2806,731,2020,"
"
X60489_at,7396,3063,6715,5668,7361,12618,7585,5601,5204,3498,5692,3768,5462,6793,7070,9239,8825,7258,5554,4493,3746,9083,6455,5364,8446,7713,8968,3542,7692,8023,8291,7585,8343,7251,4123,"
"
X61970_at,1286,490,777,447,907,1428,854,1098,757,1002,566,385,813,364,446,1509,1027,501,746,813,526,915,284,372,389,1042,772,408,602,413,469,1145,1091,905,922,"
"
X62691_at,17558,14911,16811,13145,13820,18877,15050,16668,17472,14902,18107,14439,15052,20288,18439,17563,17902,17689,14854,9560,11443,21634,18942,16881,18202,12363,14536,9606,15621,10639,18241,20047,16086,10892,12858,"
"
X63527_at,19184,20415,25795,22761,14571,21771,19659,22967,22352,19410,22769,24084,19855,20688,19591,22537,20223,18234,23996,22348,24943,24527,19401,21912,20624,20501,19399,13532,20278,16825,22473,21379,20309,12690,23564,"
"
X64364_at,507,615,300,8780,1620,2026,336,1014,3271,836,693,662,419,585,1070,1384,854,817,1318,574,1677,1396,3413,1840,1288,4190,2219,1564,3713,1523,777,2045,1888,908,1431,"
"
X64707_at,8408,5803,11559,9983,5249,8051,10520,14670,8682,10279,9982,12634,10604,10126,9058,7582,10328,9134,10550,8149,7346,13447,7762,6567,7212,13972,16449,6651,10641,7989,10002,11197,7920,10478,8226,"
"
X66397_at,535,509,547,514,279,689,860,726,504,406,501,246,219,373,541,657,639,461,354,424,457,187,726,571,489,570,367,596,390,593,309,412,727,992,467,"
"
X66401_cds1_at,1735,1815,1585,1237,1758,3172,2229,1192,1100,2947,2072,1878,770,911,767,2009,2049,509,781,862,2432,1048,323,128,371,653,381,1149,618,266,540,452,1133,487,847,"
"
X67247_rna1_at,22121,15372,23731,21466,22186,22377,22334,16837,15919,15050,19690,14082,22918,22472,20753,23679,20157,19572,16219,23288,15538,24511,20843,23748,23841,20406,25793,12261,22793,15256,23954,21042,23929,29286,19641,"
"
X67698_at,992,813,446,1548,1033,2885,649,876,735,578,1062,1006,604,911,1122,1307,2077,1500,606,151,1174,7041,3981,1418,3218,810,1354,1344,1443,1033,1006,917,2861,683,2914,"
"
X68277_at,3987,14056,767,4298,1611,3650,12905,3088,3841,1719,7754,4034,8127,5119,3518,10019,6482,4496,713,1725,233,3267,7391,2236,4149,1540,992,6361,578,3927,8337,643,12101,4147,3424,"
"
X69150_at,20344,15015,26391,21267,21102,21945,22057,23648,19825,16354,24276,23425,25496,23428,21677,18219,22367,22180,24221,20636,23225,26046,23271,23400,22587,22398,28603,19071,24514,20885,25060,25272,22638,37997,22042,"
"
X69391_at,12458,7251,10196,10080,11038,12657,9905,9973,6792,7864,8465,8370,9419,11933,12319,12476,12079,10864,9591,8752,5109,12146,12641,8365,11280,13096,9237,5545,10736,9230,11073,11412,12922,12015,9742,"
"
X69550_at,2804,3826,3159,4073,2477,3959,4756,2894,1713,1942,1721,2357,2855,2879,5109,4537,3714,5679,3597,2477,3464,2811,6191,3302,4751,4117,2637,3514,2834,5210,3388,1923,4194,4825,3591,"
"
X71428_at,4631,4637,2376,4084,3042,2851,4857,3750,2312,5399,2674,2318,3064,4096,4553,4290,4717,3187,2978,2502,2203,2584,5142,3582,2502,3538,2028,2185,3023,4087,2594,2988,4315,6097,3067,"
"
X71874_cds1_at,1820,4246,830,1081,1853,3363,2044,2969,2019,4374,2588,2717,1990,2119,907,3838,4226,1778,1867,849,3207,3465,1152,645,1409,1406,937,2346,632,426,2136,1560,3260,2589,2796,"
"
X71973_at,1975,3213,1942,1800,1643,2934,2287,2404,2648,2517,2561,1819,1562,2640,2914,3377,2436,2049,2543,1042,1944,3863,3485,2194,3066,4131,2051,2747,2510,2689,3419,2749,3375,2643,1876,"
"
X72841_at,612,386,276,1450,268,2069,408,743,355,544,796,687,270,505,967,2401,871,667,209,327,602,285,664,382,409,1003,324,213,553,778,388,549,486,382,440,"
"
X73460_at,16446,16869,12135,13698,15588,17593,13495,17105,15145,14617,20202,16935,18574,20852,17121,17270,18602,19181,19989,19994,12391,13715,17701,19894,19297,19958,29079,11529,20716,16756,19103,17250,15969,12221,10805,"
"
X74008_at,1317,499,452,1075,1157,1917,472,1116,1019,932,651,576,906,1352,1471,1342,1933,1259,701,811,480,544,786,673,813,1535,434,346,613,383,420,1299,961,477,901,"
"
X74104_at,1359,572,1345,1364,1603,2061,810,1336,961,1046,981,934,812,1627,1725,2077,1963,2084,1205,878,1319,2036,2314,1041,1362,1346,1495,1415,1327,1254,1482,1764,2210,1282,1795,"
"
X74795_at,2792,2307,1213,2629,1689,2758,2151,3135,2598,3626,2409,1651,1062,1017,2551,2272,1507,1073,2968,3483,4560,1210,1922,1788,1950,3044,1875,2052,1976,1387,1857,1843,2221,1802,1271,"
"
X75861_at,1820,511,955,1211,1122,2386,310,737,658,760,979,407,702,1217,1449,1844,2467,1682,709,1120,1082,1082,1875,1753,1846,2632,1200,1023,1601,1129,856,969,2697,1306,1647,"
"
X76013_at,2124,924,1606,1775,1550,2784,1108,2628,1550,1713,1713,1672,1859,1775,2112,3988,2355,2188,2122,1493,2544,1989,2135,1460,2105,1708,2130,1360,1663,1653,1821,2445,2607,2803,1987,"
"
X77094_at,1370,774,368,351,392,961,358,1081,1211,621,592,729,689,605,790,1968,868,256,848,1514,716,1373,550,466,763,810,375,500,807,641,515,386,706,1694,1202,"
"
X77584_at,1180,485,1692,2220,2219,3848,3058,1119,1384,862,861,1017,1277,653,1823,3777,2517,1081,783,450,1270,2346,2363,2097,1465,1713,1739,1004,2645,3272,2130,3344,2541,1680,1568,"
"
X78136_at,7558,6232,5066,8518,5184,6415,4310,5358,3744,4849,2577,3726,3895,6380,8259,8033,8212,8618,6920,5366,5111,3325,9207,6784,10027,12028,5648,5344,8520,6549,4494,4937,5202,3543,4012,"
"
X79234_at,12625,13013,9893,11265,9540,15980,12643,14274,10761,12510,15839,11289,8615,15351,12779,15397,15155,12575,13615,11693,10808,17010,15626,12394,14529,13356,14035,11415,14195,11825,16129,12134,14458,10166,6125,"
"
X80199_at,1757,1105,1805,1065,1239,2920,1702,1178,932,850,936,1072,776,1234,1865,1809,2194,1617,1380,1297,1601,1391,2518,1178,1607,1488,864,1403,1019,1549,1220,1151,2011,3085,1593,"
"
X80200_at,1721,1443,1125,1580,857,1398,1792,856,1074,941,1502,1344,1469,3556,3084,1526,3602,1402,1058,1344,907,1018,2218,2369,3214,1097,913,1137,834,1289,1191,706,1936,2117,1288,"
"
X80822_at,14002,25158,20106,19165,26326,13574,19666,22430,27118,20213,15857,20574,19643,17180,17416,15309,14028,20211,30319,26329,28690,15369,14240,21332,13876,22225,26111,28910,21639,26247,19462,27058,13441,25857,20297,"
"
X80909_at,8097,5793,7195,5981,5024,9134,5553,7723,5213,6690,8658,4878,6338,7804,7621,9311,9928,6672,5359,4271,3172,7978,8186,6410,9077,9261,6185,3786,7273,5650,8365,6348,9361,4798,6273,"
"
X81817_at,3483,1342,1528,2848,1821,4138,1438,1175,1776,886,2401,2149,1348,1325,1831,4193,3901,2061,1667,1199,2511,2658,2457,1757,2502,1677,1755,1186,1294,2063,1714,1127,2288,2309,1832,"
"
X82456_at,3500,1132,1361,1808,1647,3334,1769,1585,1709,2222,1893,1494,1177,1974,2420,4102,4018,4299,1640,1769,2219,2809,2132,1647,2618,3060,1778,2339,2409,2095,2266,1421,3477,1946,3468,"
"
X83218_at,1433,1079,1010,1153,897,4105,900,1249,1420,1154,1754,1413,1126,911,1258,1212,2356,837,763,1009,1400,1936,1316,852,1465,1247,845,964,1062,643,1289,2332,1316,647,729,"
"
X87838_at,1724,687,1109,826,1365,2648,1300,1274,723,827,411,398,744,1297,2332,2440,1010,1122,818,587,960,1830,3401,1983,1424,1413,705,896,1216,1961,1607,1458,1937,3470,1232,"
"
X89750_at,742,801,704,920,489,1307,428,646,490,373,731,701,400,633,789,634,1222,336,394,484,780,201,1478,494,398,388,414,364,326,838,698,173,614,981,361,"
"
X91247_at,924,1016,948,1003,737,877,1410,605,781,1309,1185,343,536,726,835,1528,1223,903,803,1254,737,521,1299,911,1076,1080,1224,633,1034,1205,768,660,910,1510,1010,"
"
X91257_at,1580,958,1317,1233,1017,1557,1574,1119,1204,1439,1317,902,1110,815,873,3048,1728,660,1363,1181,892,1871,992,764,1031,1788,571,979,934,942,900,1030,1725,1415,1529,"
"
X93920_at,763,977,256,786,739,1881,397,109,1050,1037,1645,831,703,240,207,213,964,425,269,983,470,427,1125,382,1906,2361,379,593,799,117,1472,123,2493,639,871,"
"
X95404_at,12387,13129,7926,9628,6919,11899,16043,9296,6514,10814,9616,8716,11757,10329,12304,14438,13732,15592,10987,10014,11044,11695,13772,9294,14665,14505,8078,12982,13546,12991,13073,8158,17038,11662,13928,"
"
X95586_at,1116,613,584,671,569,1503,608,785,665,610,655,391,413,569,581,1114,873,211,826,952,775,739,873,583,681,1007,678,695,764,496,625,669,1021,989,718,"
"
X96484_at,1273,975,598,1129,806,1286,1222,688,680,876,834,701,615,1106,1039,1405,1070,783,1056,1251,960,1518,1399,1092,1145,1201,650,1156,886,1137,1126,445,1530,1941,1169,"
"
X97074_at,788,900,1158,1838,924,1853,964,1025,1245,1208,1162,1038,377,782,1167,2061,1572,1012,1325,914,1126,2127,871,655,722,2784,947,1375,1866,1200,2086,1219,3280,1726,1663,"
"
X99585_at,967,499,821,833,502,2224,782,1122,865,1526,749,853,638,676,1155,1348,1524,595,406,244,625,495,557,474,607,441,318,367,624,312,530,991,637,501,593,"
"
Y00281_at,1351,883,1005,1180,1847,1502,994,1300,987,1094,1121,1009,747,762,1041,1510,1364,1166,1023,1248,1804,1476,1346,1251,1117,2017,1273,1288,1693,814,1484,1716,2005,1745,1929,"
"
Y00282_at,1475,1136,1323,1729,2191,2846,1408,2194,1742,1433,1735,1588,1053,1435,2094,2612,2696,2484,1794,1797,1977,1962,2851,2355,2497,4067,2596,1400,2609,2462,2952,3433,2890,2223,1962,"
"
Y00433_at,7546,8149,8741,9176,12652,16129,5916,6410,12237,7156,7838,8085,5736,3298,5341,12719,11796,6284,11855,4405,19415,17753,10910,13818,15832,21734,6932,23494,9135,13635,17819,4709,18230,24106,14188,"
"
Y00764_at,1637,1057,1305,818,1664,3778,1565,1557,1394,1242,1075,772,1067,1021,1976,2341,1850,570,1577,499,612,3032,1365,1440,1586,2043,1387,976,2375,1300,1948,3084,1747,1257,1234,"
"
Z12962_at,16258,29371,20737,20122,31224,14170,20698,23075,32731,21749,18852,21811,22298,17855,21402,15194,14536,22977,33410,35344,35055,14776,16994,27481,13022,21609,28550,33163,23848,27480,21042,31953,15058,30016,33016,"
"
Z23064_at,1732,992,707,1556,745,1643,925,798,817,1135,727,823,710,913,918,1726,1674,846,911,906,767,379,735,703,620,1067,699,547,680,951,760,884,954,761,491,"
"
Z25749_rna1_at,8616,5636,6920,5274,6564,9698,6610,8882,7319,7824,9031,5625,8050,8152,7238,10188,12112,6748,8091,6064,5078,10671,8146,7490,12355,7473,8009,3780,8019,6562,10216,11671,8027,3993,5662,"
"
Z26876_at,14113,12675,18102,10827,7625,16527,11002,17095,17977,13978,12779,18019,19096,17232,14337,14827,15349,11860,13960,9306,20258,18501,16338,15747,13838,15166,14926,12388,16601,11866,17568,20708,14386,15642,14709,"
"
Z28407_at,8868,10078,6605,14149,8506,12515,9543,13628,12766,12469,22412,12554,12996,16627,11649,14941,18221,9087,15398,14167,11171,17626,10557,11654,13143,20719,21009,12082,20390,12861,15132,12962,17494,5522,8310,"
"
Z29505_at,3115,1643,2286,3177,1691,3927,1672,2053,1547,1285,1614,795,1265,2791,3331,4928,5714,2672,2109,1359,1176,2498,3154,1564,2532,2657,1517,1477,1427,2494,1685,1110,5167,1829,2974,"
"
Z37166_at,4181,3024,3387,2625,3034,6920,2555,3605,1737,3277,2850,3061,1460,2539,4539,4774,4939,3037,4303,4462,5714,3270,7724,3133,3941,5275,2724,2151,2834,2715,3246,2316,5584,8385,5439,"
"
Z48950_at,8463,15447,4337,13803,4910,13017,4300,5730,7638,4162,7460,8981,8995,15028,11375,9377,14199,10960,2419,3919,4888,6574,14087,14353,14470,4452,2574,4846,2015,9885,11879,4444,8993,12351,6612,"
"
Z70759_at,16514,26442,27044,23935,23012,15906,20680,22490,32421,24114,17659,23412,22388,19182,19808,16845,15095,19831,23329,30475,28845,16811,18146,24915,14763,17932,20183,26322,20757,19109,18797,21197,15138,45932,36084,"
"
AB002533_at,10933,20963,13900,10749,10616,14023,13312,18013,20287,16212,16227,14781,15779,17593,15032,12722,16025,12869,20081,22446,15462,17239,13242,17201,12818,15171,19259,14926,14041,12683,13662,18973,10370,12828,11954,"
"
AB006782_at,5096,6271,3419,3121,2149,4030,8932,3041,2182,4509,3289,3502,4274,2026,3122,3453,3657,6269,3185,4797,5027,4671,5528,3926,6391,6852,2388,6942,2377,4904,4755,2568,8038,6883,4411,"
"
D86550_at,579,444,153,1475,392,1940,186,932,814,395,417,566,179,747,1615,1226,1576,1056,197,473,597,220,1818,653,660,480,257,204,367,355,520,734,558,1585,470,"
"
J04182_at,854,598,559,1234,745,1797,782,1039,841,517,349,1231,564,1570,1591,2579,1947,3477,556,515,1039,2164,1874,1359,2117,1162,947,1375,1383,1887,1094,1206,1406,661,1566,"
"
L10413_at,1922,610,1220,683,1088,2427,955,1571,971,999,964,766,710,727,677,2709,2164,594,836,860,770,1412,718,539,764,1078,721,525,631,491,478,602,2731,1314,1403,"
"
L20688_at,14552,9762,10798,11579,11782,18263,16949,15223,16145,10724,13836,12496,16416,11182,12139,17277,18448,17061,11696,13539,16069,15796,9659,7339,12933,9952,10446,13810,19654,11844,14758,15309,19182,13931,16840,"
"
L49380_at,2763,3283,1608,2310,1647,2370,3651,1632,1091,1228,1133,1002,1367,2804,2927,2516,3575,2994,1964,1900,1672,1042,5216,2824,2646,1987,1444,1635,839,2646,1784,1610,1298,3982,1661,"
"
L76517_at,580,417,392,251,376,1386,373,479,540,486,508,275,218,160,303,538,568,369,327,247,561,372,575,452,681,689,292,479,467,450,93,254,1208,832,924,"
"
M16342_at,1430,849,1367,1396,1130,2624,765,932,872,979,987,1003,666,874,1234,2841,1922,1646,778,705,546,1057,1588,1261,1391,994,454,525,610,810,929,1164,1272,840,966,"
"
M93651_at,2392,1226,1206,1813,1489,3029,2599,1684,968,1015,1184,1043,1670,1151,2183,2811,2257,2636,1225,880,818,631,1716,1196,1627,943,746,571,612,901,1151,1436,1565,878,780,"
"
M94046_at,4353,4598,2114,3851,3656,4559,6034,4411,3278,3074,1701,1387,2843,2625,5673,4366,2210,4444,5394,3406,4056,2351,6919,3686,4413,5574,3793,3681,3603,6034,4016,3905,5093,7628,3957,"
"
X04526_at,2762,2059,1774,1807,1903,2244,2148,1952,932,2148,1240,1290,1749,1850,2746,4408,2840,4391,1318,919,1207,1974,2691,1617,2164,650,849,1366,1467,2130,1167,862,1727,1634,1297,"
"
X12671_rna1_at,3354,5832,2730,6575,4738,7509,5443,5867,4180,5995,4481,3520,5074,5618,7381,7967,6735,6714,4281,4804,3017,2629,6628,5929,5798,7033,4414,2540,5389,4534,5004,6576,4379,2841,2082,"
"
X56841_at,1370,1501,1354,2008,1664,2810,995,1419,975,1199,1836,3923,1021,4516,1579,2116,4165,4198,853,739,2844,900,1424,1025,1844,915,621,1486,889,2089,1069,1488,1870,837,2147,"
"
X65488_at,1245,1127,508,1313,1149,1968,1096,1587,956,1141,1099,711,841,1604,1847,2678,2458,599,679,504,577,561,1144,710,604,837,440,417,672,2041,1408,1499,1204,978,947,"
"
X72727_at,2182,1375,945,2899,1670,2363,1860,1109,1122,1463,1032,525,773,2837,4743,3425,3498,3124,786,1078,526,1087,3221,1601,1671,1671,589,754,892,2035,1722,1419,2140,1756,1454,"
"
Z15115_at,8444,4101,2427,2003,2893,9908,4020,4306,2600,3423,2886,2955,2490,1427,3263,5549,5098,1799,2219,2603,3739,995,2027,1142,1456,1463,1582,1072,1417,1153,1084,2175,1598,3494,1554,"
"
D86974_at,21011,15874,19660,10744,22039,14286,28849,29050,21633,6549,7958,13650,21486,13429,17061,13890,7538,15401,14966,24794,17455,5952,20880,20351,18938,15525,9267,10769,18444,25102,8212,3946,25367,71369,48374,"
"
AC002045_xpt2_s_at,2538,2018,3384,2163,876,3001,1946,2240,1874,1181,1806,1999,1703,1831,2284,2192,2096,926,1415,2263,1448,160,3197,2661,2282,1242,965,723,1224,2733,662,767,1876,7642,1911,"
"
D13413_rna1_s_at,17139,13120,13752,16646,13829,20940,23371,14780,12448,13750,18062,10973,15816,15619,15373,20162,16860,16698,12013,11502,12732,26868,20191,17617,20038,9813,13046,5780,11713,13175,22481,20695,20706,16355,15228,"
"
HG4541-HT4946_s_at,2215,2766,1263,2875,1555,2709,3447,1574,2028,1728,1511,945,2097,1666,2404,2711,1803,1881,2411,1434,1982,1197,2622,2260,2660,2729,2169,1554,2138,3151,1885,1732,2553,2518,1538,"
"
D28473_s_at,469,301,355,335,321,1133,692,820,473,376,357,244,297,217,267,968,741,305,337,548,264,261,282,209,316,469,169,176,214,270,255,415,431,593,134,"
"
M19311_s_at,6616,1207,3184,2700,6016,9819,2632,4977,3795,4088,2124,1140,1073,1125,3128,7365,6317,2301,4451,4990,4234,3247,2322,2723,4245,6712,2901,1962,4153,1549,2238,3462,7802,2683,5235,"
"
D49824_s_at,31086,42904,26196,37529,28123,23203,27112,20192,22347,35402,34741,42995,15586,28409,32358,29374,20980,40065,17193,27990,53064,14225,30946,20389,31442,20878,9788,41573,22551,28843,25685,24407,31585,17789,29775,"
"
M96954_s_at,606,591,772,529,500,965,394,367,406,461,409,277,396,636,787,1069,1037,917,187,352,381,168,1012,309,585,447,259,210,275,491,564,536,460,1209,623,"
"
D78577_s_at,4256,1544,1179,1688,1561,3840,1663,2089,2088,1620,1019,1132,1438,786,2087,4895,3152,5912,1335,527,1855,1955,988,585,1056,2706,1122,1118,2839,3925,1303,1362,2208,1482,1573,"
"
HG1322-HT5143_s_at,4557,2488,2336,2314,2973,8192,3246,1803,2086,3190,2903,2295,1547,1481,2196,3655,4035,2560,2022,2273,1550,2023,3169,1973,2970,2537,1527,1808,1703,1740,2580,2453,3262,1683,1587,"
"
X57351_s_at,16489,4137,29136,12046,15382,19976,22337,8271,19205,5065,11163,9199,9280,10121,9679,14076,18546,23721,7936,10560,13632,13573,18799,7904,7518,17889,3982,14991,10766,11118,7642,6383,24172,14341,21129,"
"
M14199_s_at,16528,14474,14398,14947,15085,16446,14240,16525,15217,17487,21830,15129,17400,17148,15602,16082,18012,13034,16759,16662,16967,19174,12459,16547,16395,15478,18361,8082,14496,11942,17973,19393,13278,8566,8887,"
"
U43901_rna1_s_at,18573,19768,17254,13481,11463,17185,18411,13831,15590,18675,20619,17706,19062,17129,15441,15818,19270,10084,16404,16397,11286,16071,16279,15719,18320,12238,19525,8067,13538,9926,15617,13681,15762,6156,6276,"
"
HG2238-HT2321_s_at,2097,1204,1316,1447,630,1229,2581,1646,1163,1307,1088,801,1085,1121,1117,1352,1918,926,1310,1892,1441,650,1515,854,1235,905,819,744,615,1183,815,575,1369,2971,980,"
"
U22376_cds2_s_at,3105,2037,1497,2105,2805,6996,2753,4240,3821,3686,2943,2809,2178,306,1374,8402,5032,1358,1188,2075,4961,407,2585,376,1238,2685,2295,562,2564,934,427,834,537,3201,417,"
"
X04654_s_at,3726,3599,2405,2138,2969,4180,4047,3295,2533,3040,2621,2753,2000,3340,5033,5013,3436,3118,3277,3257,2801,836,6439,1818,1904,2729,1788,1656,1846,3381,2488,1958,3883,10659,3813,"
"
HG2815-HT2931_at,10557,7975,4405,5150,9824,12175,7363,6544,9174,8408,4200,4092,6545,4825,9760,6774,10288,10490,6513,6095,8281,13359,9302,5352,6365,14848,5072,9915,5456,7178,9281,9545,11445,4944,8706,"
"
HG2815-HT2931_s_at,2089,2003,622,1652,2368,3385,1252,1726,3925,3393,2057,1872,1932,1947,2594,2702,3794,3685,1210,1547,2778,855,1270,1148,897,2565,1332,1319,1682,1541,1582,3438,1196,330,1566,"
"
HG2815-HT4023_s_at,13706,7925,9376,8075,10204,17896,9761,6480,8804,8119,6239,5157,7826,7376,12437,11786,12696,11195,8061,6895,10370,21079,12745,5959,8248,14946,4939,9310,7061,11324,12539,9617,17446,15002,12570,"
"
HG3076-HT3238_s_at,4094,3068,1881,2516,2065,3289,2966,1668,1677,1948,1630,1145,1356,3621,4528,4044,4802,4437,1128,1848,1009,698,4565,2351,2959,1714,955,797,1080,3021,2742,1895,2320,2176,1540,"
"
M31520_rna1_s_at,8818,4982,6003,6478,5963,9261,5937,6119,6268,5200,6012,3687,6214,11299,9628,6517,8621,8072,4743,5417,5279,14889,7665,6172,6887,4414,5161,3276,4022,3578,6519,6678,6976,6677,8884,"
"
HG4264-HT4534_s_at,809,292,478,524,489,1188,213,381,307,275,406,948,167,474,641,1050,1317,1057,104,128,401,1941,1810,921,917,431,167,287,304,697,388,280,795,501,697,"
"
M10277_s_at,15216,21240,18237,18759,18494,14924,20474,19669,18056,19391,14731,13213,18796,16921,17319,17086,15544,23891,20551,9123,19948,19251,16037,10433,15098,24180,15036,39623,25656,27634,20217,18156,16462,26443,34026,"
"
J00105_s_at,21909,18109,23728,23444,19730,20401,16531,9680,15027,22256,18546,17515,11228,22109,20132,19096,20699,21406,7379,13701,14699,14517,20591,13878,18520,12622,9835,20586,14745,11576,12229,17445,21028,8295,18295,"
"
V00599_s_at,16077,15140,2809,12425,7607,15174,6927,11042,9114,19321,7872,7655,5262,4163,9600,9404,7473,8465,10113,9774,14191,2776,8897,5732,7915,10343,6146,3193,6604,6094,4799,5746,5076,2952,2115,"
"
J02621_s_at,2006,2035,597,5587,2090,6782,2322,1828,2492,2323,3039,2698,1667,1805,2666,3076,5619,2642,1450,2026,3319,643,3189,1538,1539,2015,1450,633,1920,1829,2506,3094,2256,1721,917,"
"
J02683_s_at,5765,2503,1121,5723,2715,10417,2525,2611,2442,2128,4406,3609,2383,2700,2751,11256,6405,2845,2925,3154,4056,4541,2169,2554,3693,4123,2423,1567,1812,1339,2916,3018,3810,672,1264,"
"
X05130_s_at,834,649,922,1660,590,946,532,737,843,920,810,892,518,805,1102,1288,1323,753,1175,556,1453,744,3832,2403,2761,2110,1533,964,2447,1638,1067,1260,1130,848,581,"
"
J03077_s_at,1584,1228,2152,2998,1952,3384,1132,446,2045,1395,2192,2606,1270,1815,2230,715,5153,5507,1844,2016,3055,16363,6935,2576,7219,7174,3101,10908,3445,2158,2673,1843,12955,1659,21096,"
"
X52979_rna1_s_at,1962,1646,1207,1880,1143,3158,1299,2017,1302,1942,2077,1396,1321,1876,2530,2995,2839,2966,2074,1284,1451,1500,2023,1440,1575,1600,1346,859,881,858,1843,2269,1773,1122,822,"
"
J04617_s_at,14391,35196,22123,21202,31014,11603,21930,25143,33094,22621,17850,24117,23771,15680,20556,14502,10737,22144,32936,33933,34173,20066,16737,27682,14464,24601,30030,38832,26278,31704,21598,26658,15969,33532,22642,"
"
X03689_s_at,23239,22889,21349,26646,17450,20585,16231,11645,20573,19982,18374,24046,19749,25076,22352,22691,23176,23353,17785,21815,13754,6212,23927,21880,19954,21037,23857,17473,17737,23004,11631,12281,18080,11570,6822,"
"
L04483_s_at,20649,18665,22936,19003,25597,18616,24289,21386,27668,19042,21384,18917,21558,21023,20377,18270,17717,20662,21744,15720,18723,22032,22180,27916,19900,19526,21258,12432,18121,16842,23870,29849,19970,20286,21180,"
"
L12711_s_at,1893,2158,686,2217,1611,3296,1535,2385,2891,3386,2611,2168,2182,1956,3191,3548,2314,2057,973,1485,3040,3379,3117,836,1937,2006,3492,1622,3484,1176,3105,1601,6487,1886,4584,"
"
L25931_s_at,1005,490,295,898,964,1415,304,582,721,498,309,249,355,322,691,841,1169,663,439,664,1090,148,877,289,462,985,483,457,854,541,343,386,780,387,613,"
"
X05855_s_at,2583,1009,1102,2290,1525,2895,1524,1795,2007,1798,1066,911,952,1233,2838,2467,2555,2678,948,1985,1235,958,1652,1078,928,1010,1027,1084,902,1467,1278,1882,1993,1209,1146,"
"
M13560_s_at,15446,24864,20769,10706,11885,14219,10003,9170,10557,19354,13481,14776,11941,15618,14917,12206,14856,3339,9436,13129,20253,4795,7990,4817,16561,7518,2466,25213,6082,9855,10207,2968,17527,11185,24335,"
"
M14328_s_at,2700,3495,8754,3733,8269,7093,5446,10161,5576,5179,6730,5369,5269,3705,4707,12108,7712,8935,8340,3445,5310,14775,13243,6456,12496,18426,11462,6311,7167,9031,11064,7922,12854,16263,8808,"
"
M14483_rna1_s_at,18443,13624,7442,15337,6526,8049,20555,20320,10484,19318,10778,11089,18058,8090,10928,15502,12125,10667,13301,8958,12897,2332,20883,8126,12833,12965,9251,6729,9166,7226,13581,11014,8132,3928,4281,"
"
M26708_s_at,13394,18988,11347,16101,15073,12624,17180,12902,15306,13561,10822,12511,11122,12964,15247,11594,11547,15529,14464,16351,17259,8490,14923,9047,10191,14995,12565,11993,11429,15234,13658,10680,10119,11744,8572,"
"
Z19554_s_at,15009,6824,15865,14536,4196,9256,21601,14049,4917,7027,11956,5589,9880,11409,18782,21714,17378,15142,9509,8358,8202,26766,26512,28067,20472,13339,11995,14320,2155,19018,23373,2188,23895,26632,27597,"
"
M21142_cds2_s_at,11359,12089,2431,8509,4612,9535,5953,9589,6398,9855,5598,7545,9860,9486,8962,6279,7817,11929,3300,6718,7191,2636,11017,9365,10287,5928,4009,2466,5467,7397,4582,7428,7756,5115,4425,"
"
M26730_s_at,1675,895,1212,1515,2015,3334,796,1261,1257,1731,3368,1178,1093,1966,1825,2205,2617,1613,1268,1089,1011,1818,1254,1536,2175,1102,1629,757,1636,682,1845,1949,2608,580,1112,"
"
M24485_s_at,2657,2998,2652,2744,2101,3972,1648,3504,2242,3737,4840,3079,1463,1087,2403,5085,5059,5637,3350,2119,3009,10375,5654,3455,4045,6394,3001,3050,3229,4447,3580,2386,4611,2570,3836,"
"
Z47055_s_at,868,441,537,602,567,840,614,663,408,684,640,438,368,252,487,1106,561,316,604,466,676,248,396,297,392,486,416,550,226,270,310,717,618,943,389,"
"
M30448_s_at,2705,1687,3043,2349,2170,3074,2344,3295,2377,1965,2836,2070,2236,3440,3119,4560,4188,3373,4308,1874,1896,1715,3155,2634,3395,3011,3646,2148,2423,5071,3449,3125,2930,2458,1640,"
"
M55409_s_at,11154,8700,12066,8765,11790,15952,9520,13744,11482,10482,12930,8731,10135,12707,11584,14046,18505,13785,10979,8785,8828,11551,10642,10978,13370,12140,12659,6154,14056,12204,10007,11108,10871,9041,6732,"
"
Z26491_s_at,982,436,1950,800,1296,2868,1401,942,596,653,941,574,431,330,655,2133,1621,480,1258,849,1034,2723,1016,816,431,1747,904,782,945,1636,1227,517,3467,1819,2372,"
"
X62534_s_at,1688,1738,674,2730,1973,6664,770,2485,2151,2994,2159,1178,841,514,2731,1755,1105,203,1363,2163,1901,556,571,866,752,2101,1079,435,1429,1176,2059,1593,1081,845,1211,"
"
S54005_s_at,8231,9349,5624,6745,5972,8489,5169,7753,5242,7525,7194,6747,6025,9904,10995,11208,15769,9121,2783,3198,6029,5106,6654,2753,3883,4223,2246,7266,1362,2646,8150,6220,8086,2846,6725,"
"
S72024_s_at,778,748,1035,926,882,470,888,976,1317,633,365,639,501,374,1123,2039,2090,2150,461,455,320,213,1044,834,1188,1590,978,451,854,1447,487,1814,607,555,648,"
"
X04347_s_at,7952,10493,5828,11265,14560,12436,8399,15041,12838,15477,12980,9541,11676,11943,10783,13437,13719,17386,13006,11484,9649,3341,8472,9765,10345,14722,13461,4753,12722,10011,14225,14453,7033,5028,6385,"
"
U00947_s_at,7544,5554,6396,10697,6858,10797,6850,6358,5247,7289,6752,4454,5610,5558,8777,9793,9365,8287,4695,6414,3246,1819,8931,7631,7895,7446,5745,3434,6441,6380,6094,7409,6843,4193,4158,"
"
X73358_s_at,1550,1059,866,842,1479,1831,1220,901,367,928,1334,929,937,1296,2052,2514,1763,1631,1093,1048,1075,753,2598,2091,2400,1007,340,383,542,476,1056,691,1849,994,1878,"
"
U06155_s_at,16627,21098,22267,21475,16798,12534,23567,19473,23601,17966,17739,20266,19212,17663,18503,16204,14219,19298,19545,23800,22922,15828,18206,18555,15401,17436,21661,20938,13589,18110,19507,17358,16893,17705,16680,"
"
U45448_s_at,1624,1025,1191,259,619,995,1320,914,1009,373,872,1467,957,789,1145,2129,1202,1113,571,1300,2043,846,1707,927,1929,2159,336,1205,734,1397,851,588,1518,2334,1663,"
"
Z49148_s_at,13947,10341,13413,15468,21190,16106,13573,15874,14455,12249,18740,15773,11395,16430,14421,16363,15155,17014,19697,13384,22988,19557,15109,16740,16355,15161,20101,12558,14377,13880,17911,16982,16468,20419,13113,"
"
U68105_s_at,5692,2319,5785,4790,3769,6186,3725,4862,3776,2824,4064,2900,4636,4628,5429,8233,7858,5964,2985,3156,2076,7170,6024,4372,5497,3505,5241,2630,4047,3127,4094,5094,8387,5121,6058,"
"
Z48501_s_at,8418,4197,7696,5775,3559,8867,4466,6803,3677,2094,6116,3830,6684,6619,5637,9425,9836,5901,5150,4472,2709,3513,12448,11390,14978,5732,3182,5721,5453,6927,7028,6368,12987,6541,6658,"
"
U70439_s_at,4531,3251,2371,6343,6281,6332,4343,4176,5213,4861,3635,2285,3016,4000,3815,4222,3797,4510,2935,3293,3101,2127,2852,3153,3862,4976,3007,2191,3792,2652,4379,5031,3787,2502,2745,"
"
X15729_s_at,2840,2290,3258,3403,1792,5620,2248,1916,2122,929,2781,3595,2314,4779,4756,5184,7440,3971,996,1460,1786,531,4213,1838,1624,1357,605,1035,932,3769,1516,2038,2743,2529,2277,"
"
S82297_at,9712,23488,11477,15662,21541,8530,14032,12444,19914,16922,12804,17250,15417,10695,12759,10774,7912,16111,11673,16879,23639,10428,11134,17720,8792,15305,13878,26876,15924,16914,9698,21360,9666,7428,19563,"
"
X89399_s_at,1912,1182,759,2472,2193,2674,1977,2153,2425,1839,3367,1633,2066,2162,1943,5309,6325,3384,1897,1951,1804,512,1156,1226,2712,1236,1649,1950,3979,1816,1486,1879,2197,501,2314,"
"
L11672_at,8409,6105,10431,3585,4513,7262,6132,2633,7396,2518,2054,4050,3830,5011,5108,2061,2300,3933,2097,6908,3080,3918,4974,2526,4375,3057,2447,2608,5097,3365,4052,4461,5618,12337,8171,"
"
L11672_r_at,5056,2824,3113,2530,2280,3479,1675,1230,2124,1374,1105,1510,1339,1730,3730,1336,955,1602,449,1205,696,245,1633,587,951,834,546,256,834,1072,682,441,883,2708,822,"
"
U57341_r_at,6078,5204,5261,3864,2752,5499,6597,3556,5581,3746,3706,3667,5151,4508,3406,4365,3754,4237,3295,4091,3947,3664,6823,6414,6908,4107,3952,4500,2767,4560,4960,3392,6326,6978,4295,"
"
X98482_r_at,13665,20398,12738,10852,10158,14716,23252,10989,12975,11581,11303,12055,18987,14830,12773,12009,16139,15079,16352,15295,11446,10989,16288,13287,12480,17604,16797,25673,15118,15416,14549,11777,13137,17369,18916,"
"
HG3597-HT3800_f_at,9017,6899,5962,10592,6047,9947,6088,3112,4254,8312,6558,8953,1953,9080,7905,8434,9347,5815,3390,3903,8535,4019,7038,2695,7301,3095,2791,8846,2883,6181,5822,5303,9804,8282,4517,"
"
M19045_f_at,382,912,541,4259,1040,203,2421,1141,4329,1424,550,746,2445,751,499,2258,1187,3380,4975,1910,4524,14911,7728,5104,7148,1649,2048,12731,3267,3008,2703,1260,7202,1097,13265,"
"
M36072_at,12923,16200,12818,11284,13058,12088,18052,17856,22046,14537,13983,17124,20770,15344,10579,12819,13592,15101,21120,17522,14016,14897,13299,12541,13877,15827,21111,12237,19166,15245,16872,18869,14401,16198,9241,"
"
X01703_at,2620,2039,1020,1773,1704,1838,1851,1574,706,2140,1582,522,1386,2986,5607,4619,3611,6818,259,517,640,4663,1644,539,703,1825,308,1245,436,5975,4943,580,3275,769,2673,"
"
X69654_at,14339,4596,9516,4609,4396,7166,5917,13366,13208,10616,14464,14648,11079,12585,10174,6606,11642,3763,4129,3893,3355,10507,6632,11621,12168,12122,14617,4145,8024,4148,10668,8930,10168,10900,4670,"
"
U01337_at,1385,1209,1444,1648,935,2520,1495,962,533,716,862,1215,597,949,1170,2470,1450,1295,1133,1014,1921,1608,2457,1076,1207,1961,1012,1628,892,1419,1279,865,2419,3171,1237,"
"
U04241_at,3416,5083,1690,2791,3328,4374,3788,2900,1934,2472,2711,3424,3821,4697,4361,4537,4455,3651,3242,4101,3027,1893,5810,3914,4652,3275,2274,3471,1094,1902,2844,3012,3907,2851,3514,"
"
U09587_at,1492,695,821,2014,1660,2294,1930,978,1408,1025,669,695,522,1614,1533,2365,1585,1519,758,824,444,890,1745,1015,791,891,408,417,910,1556,852,1097,1223,837,1010,"
"
D32129_f_at,7118,8540,14975,20656,6253,14299,8321,3004,3112,11040,6515,14179,2535,16414,10204,10731,14015,11389,3145,5667,14877,10986,11733,8453,12704,8505,2519,12255,2828,8866,9026,6276,10768,10965,11637,"
"
HG1515-HT1515_f_at,2829,2754,4071,4227,2778,5800,3032,3921,3271,2916,5726,3679,3186,3580,3278,7168,7923,4014,2778,2425,1835,3862,4257,4561,4441,3254,3872,1897,2372,3014,3292,3833,3497,1412,2608,"
"
HG2915-HT3059_f_at,7531,6022,6078,9427,6430,7217,3578,2438,3115,5228,5401,6493,2257,12606,6225,8058,12481,16340,3642,3919,10912,4038,5963,4628,10245,3922,2370,5316,1873,5249,4245,3940,5785,4391,4496,"
"
HG2917-HT3061_f_at,7632,7159,6946,10929,6369,9162,3947,2498,3307,5485,5330,7170,2719,12458,7297,8336,12622,16832,4059,4825,10564,4306,6061,5209,10467,3616,2623,5650,2009,5351,5108,4279,6466,5484,3706,"
"
X00351_f_at,21210,20818,9499,20485,11122,17100,21039,14173,16751,20648,14065,14440,11534,19953,13644,19394,18295,27517,20678,11757,17005,6440,18212,9228,18486,24089,15490,36483,21466,22688,18694,14611,23111,8371,14000,"
"
X01677_f_at,13771,12869,17954,17102,17048,12692,16599,20265,20779,21288,17303,21449,14085,10325,12625,16120,13564,16689,27768,15267,29257,16830,16171,23947,15769,19589,23151,24690,20371,24920,17825,15852,14331,18830,12001,"
"
HG658-HT658_f_at,14476,16456,18764,16180,10313,14833,14432,7299,6965,13668,9530,21379,5754,16813,10891,12712,12952,13192,5959,7179,22050,9495,13421,6923,13668,7534,4186,13992,8353,15969,11943,9232,12589,15412,10629,"
"
M94880_f_at,10882,12103,10349,19089,8428,12933,7754,4895,6634,14143,11601,18125,5346,15764,7703,9978,13480,11222,4745,7117,19150,4254,11190,9137,14650,7334,3789,12833,5286,8201,8893,7574,11076,6585,9118,"
"
U29175_at,1582,2112,1323,826,613,1475,1353,1033,937,1691,479,438,1002,1504,1926,1088,1187,1661,751,1127,846,250,367,382,190,578,398,151,486,485,588,669,745,878,625,"
"
