Accession,ALL_19769_B-cell,ALL_23953_B-cell,ALL_28373_B-cell,ALL_9335_B-cell,ALL_9692_B-cell,ALL_14749_B-cell,ALL_17281_B-cell,ALL_19183_B-cell,ALL_20414_B-cell,ALL_21302_B-cell,ALL_549_B-cell,ALL_17929_B-cell,ALL_20185_B-cell,ALL_11103_B-cell,ALL_18239_B-cell,ALL_5982_B-cell,ALL_7092_B-cell,ALL_R11_B-cell,ALL_R23_B-cell,ALL_16415_T-cell,ALL_19881_T-cell,ALL_9186_T-cell,ALL_9723_T-cell,ALL_17269_T-cell,ALL_14402_T-cell,ALL_17638_T-cell,ALL_22474_T-cell,AML_12,AML_13,AML_14,AML_16,AML_20,AML_1,AML_2,AML_3,AML_5,AML_6,AML_7,"
"
AB000460_at,1647,2128,1608,1784,2911,1438,2256,1770,1732,3170,1288,1515,2701,1405,1839,2270,1403,1479,2324,2043,1996,1354,2116,1408,2116,1772,1435,2413,1632,1971,2043,1825,2175,976,1767,1939,1461,2816,"
"
AB003102_at,551,654,756,467,1014,304,881,925,480,1159,583,348,1235,326,541,791,387,366,627,739,884,769,842,439,1368,704,534,698,372,807,1145,618,586,467,683,750,600,742,"
"
AB003177_at,588,652,999,764,614,196,637,609,647,610,342,278,1296,442,500,1043,364,603,858,781,1044,576,1321,494,1168,728,415,628,637,781,965,598,517,635,857,561,296,789,"
"
AC002115_cds1_at,2236,3083,3569,2478,2905,3397,2711,4572,3307,5052,2585,2288,7632,1310,2063,3440,3634,3335,2959,5198,4261,2832,4692,3192,3621,3055,2557,3767,2269,4238,3274,3246,3000,3393,5940,2919,1733,2319,"
"
AF007875_at,260,361,389,283,203,201,544,461,373,257,269,264,1156,778,186,600,156,127,292,362,400,156,310,265,309,282,156,209,108,262,300,268,279,310,441,275,156,228,"
"
D00762_at,645,770,1202,677,337,334,1097,857,622,454,654,472,1693,590,286,1072,242,240,574,782,1119,444,688,570,802,685,371,419,331,521,741,543,630,678,675,570,479,963,"
"
D00763_at,1324,1415,2076,1513,921,632,3365,1907,2398,1404,794,2090,6519,2912,500,2411,470,1509,1855,2304,2676,953,3038,1620,1113,1781,979,816,714,1106,673,546,814,1076,1360,1161,659,474,"
"
D13118_at,3245,3827,3814,3540,3731,2940,3016,2834,2459,3478,1794,2807,5161,2516,3133,3124,2270,2477,3682,2925,4091,3070,3820,2747,2481,3406,2583,3901,3772,4405,3448,3415,3684,1625,3102,3970,3197,3363,"
"
D13370_at,2028,2650,3255,1429,1430,926,2566,2288,1962,2753,1336,1665,5909,1569,1614,3047,1060,1396,1698,1732,2518,1666,3078,1349,2175,2329,1138,1539,1322,782,1395,1090,1933,1476,2065,2256,1081,1398,"
"
D13630_at,667,596,786,589,533,432,651,523,518,466,231,228,2298,1512,525,971,369,285,686,951,1119,295,1277,511,705,631,463,384,317,513,1012,240,492,470,758,625,453,775,"
"
D14530_at,16642,18849,20259,19386,14496,17433,17886,17094,18772,18636,16457,20806,21409,26343,18048,19439,15738,19921,20593,15527,19487,11800,18721,18373,18048,16647,11654,21381,17870,16613,18004,16181,19127,14755,19629,14924,15402,22556,"
"
D14661_at,437,352,495,253,337,363,1008,371,492,243,147,430,1383,234,598,554,276,408,359,757,531,302,728,582,646,215,403,298,324,562,916,384,552,438,808,363,532,467,"
"
D14663_at,438,399,633,535,532,334,714,726,405,991,419,362,1569,1605,610,726,264,301,586,739,924,229,1076,366,837,585,390,482,211,619,1142,708,488,924,825,596,449,792,"
"
D14694_at,1573,2115,1894,1880,1707,915,2050,2462,1385,7830,1685,1072,3836,3201,1354,2137,1240,1732,1334,1962,1329,1047,2449,1167,1462,1974,1391,2044,1387,2081,1501,1223,1683,1124,1528,1290,1319,1867,"
"
D14710_at,3343,5603,7437,4586,3656,1557,5968,7729,6312,10077,4801,3916,13737,10179,3220,6125,2097,4168,4012,6088,6291,3903,9097,3495,5864,5759,4832,5278,3253,3850,3202,3377,3982,3811,5511,5584,1470,1562,"
"
D14812_at,2890,2051,3018,2039,2086,2374,5315,2774,2979,4792,1844,2546,7250,3089,2004,2403,2193,1675,1841,3286,2686,1394,3350,3111,2534,1582,1670,2479,1315,3239,2466,1230,3415,1270,3477,2161,2318,3295,"
"
D16562_at,2452,3429,3758,2809,3037,2914,3928,3333,3205,5433,1912,1913,7817,8736,1812,3533,2432,1436,2617,3874,3826,3289,4865,2849,3456,3485,2143,2488,1885,2605,1967,886,2003,3371,3793,3881,2424,1643,"
"
D21260_at,1400,1402,1501,1528,4600,265,2428,1709,2065,1200,1254,1671,15640,970,358,1577,207,1422,1669,616,833,286,2107,413,1390,1044,250,916,730,1004,1831,886,899,897,1021,566,420,853,"
"
D21853_at,554,752,1007,789,836,505,883,847,446,1922,570,475,1131,887,600,696,665,613,826,663,670,718,998,739,927,732,1586,469,464,847,876,664,949,596,1036,767,570,1051,"
"
D23660_at,10477,17843,19284,10328,10466,14054,14446,17603,18124,16789,15543,15500,23135,15370,11727,17535,14789,12743,15654,18420,11503,12474,17881,16533,18263,18704,13991,18591,10637,10095,18796,17930,15349,14181,17475,16849,14547,10037,"
"
D23673_at,3617,2573,1983,2407,2743,1523,3525,2487,1458,3098,1347,1583,2965,2318,1784,2634,2501,3546,2465,2103,2418,1925,2036,1491,1545,1638,1619,2250,1714,1451,1391,1761,1822,796,1135,1619,1510,1794,"
"
D25274_at,1148,1312,1538,835,428,426,1249,1505,759,1010,268,802,2708,1987,732,1616,294,665,427,507,1002,622,1900,274,1288,558,788,416,452,1109,1119,699,350,849,1689,1411,1066,1200,"
"
D26068_at,3355,2423,3716,3103,2257,2085,3968,3162,3232,3338,2862,3106,8464,7855,4116,4436,2227,2564,2416,3872,3931,1744,5134,2825,5320,3051,2277,3172,1779,4976,4984,3633,4165,2255,5330,3384,2148,4989,"
"
D26598_at,1226,2217,2273,1483,1710,1457,2670,3037,2573,2261,1404,2422,4397,2090,1312,1806,1374,2263,1924,2185,2635,1940,3018,2022,2281,1543,1469,1583,1103,2056,1750,1229,1215,1599,2052,2195,1347,1261,"
"
D26599_at,1703,2396,2610,1969,1812,1740,1416,2702,1561,3057,1555,1234,3002,1684,1115,1977,1128,1705,1734,2474,4608,3255,4807,2386,3763,2555,2212,1638,1320,2547,1601,797,2447,1368,1993,3138,1293,1403,"
"
D26600_at,1647,2162,2867,1586,1368,1407,1421,3015,1484,1511,1845,1074,3504,1059,1304,1466,1475,1446,1725,2361,2666,1484,3508,1239,2893,2277,1378,1243,827,1851,1656,1031,1937,1346,1783,1811,1762,963,"
"
D28118_at,225,387,347,411,235,188,569,796,212,394,165,194,1061,2102,672,572,178,390,278,490,389,218,379,206,384,412,220,512,278,296,672,287,203,466,547,190,407,511,"
"
D29012_at,1944,2300,1766,2348,2064,1708,1775,1657,1453,893,1024,1369,2460,980,1311,1584,1240,1591,1511,1598,2836,2220,2471,1556,1590,1576,1772,1178,1356,1652,2193,1849,1674,1373,1562,2083,1731,1579,"
"
D30655_at,3025,3762,5734,4392,2115,2003,5290,4018,3965,6764,2415,3438,12461,7738,3355,5139,5412,2510,1154,6944,3738,2825,4835,4611,1798,3831,2465,4567,2142,3037,2443,2018,3498,1587,4472,1581,2307,2388,"
"
D31767_at,3186,2505,3069,2762,2696,1951,3975,3275,2822,2544,1412,2640,7297,7439,3565,4330,1691,3038,1977,3686,4187,1779,4243,1868,4201,3032,2461,3151,1598,5828,6334,3441,2859,3948,4951,2855,4403,4256,"
"
D31890_at,653,1786,2318,964,1782,1246,1236,2225,1587,2325,1208,857,3788,1391,1114,2339,1051,1571,1182,2753,1408,1669,2329,1558,2400,2506,1171,1642,1021,1496,1298,1118,1464,1081,1819,2033,1032,948,"
"
D38047_at,2111,2651,2908,2488,1629,2062,1801,2463,1744,1886,1803,1305,3403,797,1677,2465,1538,1437,1555,2956,4462,2429,4300,2105,2839,2220,1858,1734,1334,2413,3703,2002,1989,1476,2981,2877,1565,2159,"
"
D38048_at,1053,1105,1523,900,578,891,1351,1309,1103,755,537,810,3054,2056,889,1115,642,760,744,1595,1606,901,2141,1483,1952,1034,786,825,781,658,1285,639,673,856,906,1072,388,597,"
"
D38076_at,1279,1275,1735,1355,1136,1345,1148,1798,834,833,712,977,2179,639,653,1410,976,604,955,1498,2354,1324,2682,2055,1006,1331,937,206,541,1292,1785,815,941,506,931,1670,718,800,"
"
D38551_at,516,688,856,527,395,183,1334,665,518,1717,551,423,2162,559,406,927,269,375,267,958,1016,510,1488,873,1699,861,708,423,262,593,655,288,559,423,445,383,659,609,"
"
D42043_at,2170,1909,1718,1831,1056,1555,2608,1291,1969,1697,4297,2638,2984,4587,2785,2362,1411,2099,1242,2558,1286,686,1239,855,787,1075,891,933,692,1010,1150,1054,1242,646,980,1276,1464,1872,"
"
D49400_at,1174,954,1730,843,950,967,1000,1620,839,1722,934,675,2207,884,1383,1113,1186,672,685,1120,1767,1198,1480,1039,926,1220,623,1093,723,1943,2205,1515,1537,1079,2367,1271,1684,1791,"
"
D49489_at,1020,1205,2504,1113,721,622,1949,2385,1615,1567,1281,1129,3662,2959,959,2254,932,891,800,1007,742,396,1425,792,818,561,451,1217,663,1559,777,1008,742,813,2282,1392,329,550,"
"
D50063_at,1291,1014,1191,1112,748,651,1231,1386,929,1352,847,853,1791,1105,635,1095,522,746,1035,1213,1520,1091,1920,781,1544,1203,641,887,757,722,772,682,912,550,435,774,587,1241,"
"
D50310_at,4031,4058,3835,3147,3151,3052,5117,4212,2207,4477,2680,2338,7098,3705,5146,4282,2612,3218,2215,6862,5526,3819,8149,3074,6096,3989,3820,5950,4135,6850,7798,6544,6048,4099,7808,6926,5644,9116,"
"
D63478_at,760,954,942,451,1025,520,776,940,859,690,619,846,1243,768,1038,1160,608,488,1124,738,1479,643,1225,511,1418,1045,639,886,771,979,1036,1286,1147,568,1119,340,991,1180,"
"
D63481_at,931,401,665,505,921,205,985,677,331,198,439,554,777,633,628,1050,674,612,373,515,1040,535,845,206,430,682,803,486,543,1019,778,784,858,191,501,377,1036,429,"
"
D63485_at,941,727,546,1150,1359,599,785,395,847,584,736,630,841,650,717,715,608,811,951,794,1307,743,1077,775,746,1090,627,1034,1154,1217,919,1187,1059,358,654,711,936,1334,"
"
D63874_at,4157,8484,9575,6270,4566,4037,12920,11506,11090,13767,4845,8501,13825,16492,9603,12848,5612,10574,4577,11557,12121,5315,10058,7198,7021,6555,5519,5819,5407,4498,3762,6603,6977,4207,4640,3998,2792,2822,"
"
D63881_at,645,629,1156,352,143,172,1231,735,264,1085,522,417,1632,1479,757,896,346,549,250,1000,961,241,1135,357,1259,904,321,596,440,520,592,677,792,876,484,249,374,407,"
"
D64142_at,5152,5802,4690,5712,3230,6116,5451,7612,4009,5490,1689,3220,13306,4391,15270,6179,10031,7254,5453,16420,7838,7461,11437,15339,2499,1950,7481,10730,2204,18856,13477,19448,13764,6028,12382,7109,5819,11786,"
"
D78151_at,1554,1470,2038,1614,1589,1090,1856,1653,1899,1863,1308,1208,2227,1273,1468,1619,1222,1530,1454,1479,1826,1607,2408,1069,1258,1486,1602,1648,1163,2267,2198,2441,1723,1611,2279,2152,1964,1491,"
"
D78361_at,9881,14466,13686,12735,8117,9021,12192,15261,10836,16364,11520,9625,15836,6872,8746,12299,10797,11201,2248,17544,13081,10375,14536,9914,5481,8270,5898,12611,9125,22322,15058,10940,8869,9020,16493,15373,15078,8784,"
"
D79205_at,25071,21279,23776,15711,13117,19701,27485,17418,22419,25013,22809,22769,21297,33548,21024,25322,19919,28171,24992,23095,21518,11926,21765,21643,20847,21720,9529,25162,26278,22125,19279,16832,21653,12866,23125,15085,16976,21456,"
"
D79986_at,1232,1093,1710,947,1034,753,2163,1425,1462,1995,488,1586,4087,2817,2314,2044,850,641,952,2236,1911,867,2262,1318,3271,1345,1152,1701,1043,1611,1906,1747,2242,1249,1364,1569,1106,1850,"
"
D79991_at,977,786,738,858,884,441,847,679,569,616,465,586,1072,632,787,960,539,654,836,660,1360,730,1163,519,581,831,677,880,944,866,844,1076,666,322,658,860,659,1042,"
"
D84294_at,487,334,898,362,481,1225,2138,826,469,2114,624,616,2215,2274,449,795,1186,504,261,588,551,252,1041,254,880,570,419,480,524,244,293,156,283,271,183,469,775,223,"
"
D86967_at,4346,912,1019,873,2118,970,4856,927,3013,2590,1641,5277,5342,2076,1741,932,2274,3045,793,2554,1854,1184,3044,2119,2520,571,1351,1276,634,1024,723,868,450,383,981,1320,518,685,"
"
D87735_at,6251,9620,11512,6443,8964,9859,8126,10442,9352,7123,8475,8548,13639,13331,8316,9803,10694,6993,7740,9740,6719,6271,9978,7927,8509,8726,7349,10100,7641,8089,10439,11718,9390,12368,9200,12367,8614,11228,"
"
D87953_at,952,1358,1403,1308,1142,2663,1354,1080,1001,2107,570,960,1307,879,2519,1304,1582,1149,780,1490,1276,796,1280,1106,923,957,641,1643,1293,2887,1472,2197,1833,1101,2717,1412,920,3219,"
"
D89667_at,1271,2252,3015,1083,1628,1704,1834,2602,2337,1992,1553,1883,6771,3180,1754,901,2532,2510,979,3622,1738,1257,3122,1724,2294,1969,1483,2988,1962,2773,3564,2993,2325,4013,3751,2397,2151,2002,"
"
D90209_at,1095,1517,2939,1639,1590,1520,2058,1838,1739,2189,1872,2185,7693,3054,2905,2393,2153,3491,1239,5457,2735,2044,5408,3446,6133,1454,2222,3389,2101,4414,4596,2780,2629,2338,3502,2585,1749,3081,"
"
HG1112-HT1112_at,1495,2422,3339,1560,1196,1442,1789,3859,2020,1978,1936,1778,3860,637,920,2398,1367,1004,1741,1804,2926,1927,3429,1992,2636,2107,2279,1097,990,1749,1766,917,1754,1205,1623,1808,1223,1414,"
"
HG1153-HT1153_at,1016,3518,5323,1712,987,3138,3790,4679,3639,4349,2818,2296,12554,8189,1213,4387,2531,2226,2141,3283,2304,1932,4222,3254,2555,2767,2344,3467,2144,2345,2808,2369,3534,3145,4212,3788,2648,2284,"
"
HG1155-HT4822_at,2180,1837,1113,1802,2446,1036,1299,1134,1528,2001,1570,1242,2132,1070,1472,1395,1667,1596,2560,1563,2437,1445,1760,1256,1196,1361,1450,2182,1724,2192,1911,2700,1790,892,1678,1933,2079,2789,"
"
HG1800-HT1823_at,19655,18830,21111,19849,15205,19577,20687,17932,18315,17411,18601,18801,22556,29755,21572,20826,18762,18406,17998,20187,23336,19538,21535,16951,21121,20374,16908,22263,22943,19110,21920,21785,20244,18344,21220,17450,14390,22666,"
"
HG2167-HT2237_at,456,451,419,258,977,617,375,353,262,366,277,300,1322,569,1809,591,506,624,189,683,531,227,469,293,439,426,7,563,430,603,701,760,1241,370,1429,141,744,755,"
"
HG2873-HT3017_at,18100,23118,22720,18841,22522,22752,23136,21947,21321,21474,20779,22340,19523,31569,24401,23707,24661,20536,24651,23566,22374,18614,21833,20057,22784,22147,23389,23958,21087,20882,22597,21757,22070,26325,22311,24217,22882,24203,"
"
HG311-HT311_at,7559,8056,12110,5452,4497,8181,5237,10051,8534,5960,10393,6128,22535,12697,9303,8861,10992,7502,8449,12458,9547,5729,14630,7450,6251,9273,6924,8288,6667,6760,11468,8283,10619,10432,10270,7237,6684,7605,"
"
HG3214-HT3391_at,20707,20870,20273,25068,17431,22898,21275,18258,21387,15773,20255,21611,15728,26210,26684,24278,20604,20812,22893,20221,23822,25237,19273,22820,22982,21518,27509,21313,21462,22818,21275,23312,19214,18124,19622,22099,21517,20859,"
"
HG33-HT33_at,12801,13815,18906,16561,12447,20753,20684,15934,13565,16893,13183,13512,16780,19284,12957,15007,16464,14985,19141,15610,12638,8129,16863,14326,15790,15479,12900,18904,18411,14054,17144,14261,17244,17145,15314,16408,14175,17776,"
"
HG3364-HT3541_at,19899,22312,22697,19287,13007,23702,20523,20416,23724,16642,24001,25499,18320,30075,23277,23648,20839,23141,22646,22408,23045,19133,20941,21273,22473,22500,22194,23195,25319,21662,23192,23865,21143,23428,19081,21467,20243,20548,"
"
HG3514-HT3708_at,4281,4225,5452,2659,2635,3509,5468,4294,3221,10907,2338,3203,7811,2086,3771,3467,3644,4558,2345,7832,5472,2950,8513,4538,5841,5232,1900,5639,3354,7072,5294,2487,4044,4437,7578,7092,6402,5315,"
"
HG3521-HT3715_at,830,1039,1607,488,1439,480,827,1109,970,2393,482,686,2534,228,625,945,895,350,597,1302,2097,832,2342,1057,1175,1278,549,847,343,1430,1411,627,1360,1198,2152,684,1224,1767,"
"
HG3549-HT3751_at,24223,21932,23271,16141,17740,26881,27162,20978,22745,21754,21609,22204,22266,6578,25040,21634,21849,24753,23298,21103,22417,18656,22440,24074,23784,21210,20960,21521,19688,20754,21686,20689,20800,20491,22048,21571,18661,21907,"
"
HG384-HT384_at,9070,10631,10013,7952,3053,8074,9504,5935,10337,6057,10145,10017,12853,15248,9140,11627,7298,9226,8948,10080,8599,7576,10071,7919,10757,10811,8769,11394,9550,7429,10721,11411,10044,6016,10339,8468,10520,10221,"
"
HG4036-HT4306_at,2246,1715,856,2095,758,781,967,1061,974,958,1694,475,2425,888,1323,1215,685,1545,3194,1844,2966,2165,1134,1204,989,2186,1343,3253,1348,1262,1203,1865,929,233,903,1211,2072,1875,"
"
HG4297-HT4567_at,928,822,1681,448,461,600,890,1717,735,1733,2624,661,3277,2361,517,1381,600,574,445,3045,1828,1015,1550,1002,1646,1406,756,606,257,1157,1194,892,799,1654,1491,1037,665,637,"
"
HG4319-HT4589_at,13924,21231,22273,13050,18933,19432,15106,21306,15205,26570,19348,18620,23956,26106,19138,22320,17887,15370,24526,25285,15789,14846,21785,13136,21918,22760,19855,22417,14489,15310,20102,25051,19943,21150,25001,21724,20283,16627,"
"
HG4542-HT4947_at,11003,10988,14453,10234,9337,11096,7957,12432,10575,10249,11377,8965,16104,7424,11980,13399,11474,9820,8184,12850,12397,7754,14760,9217,12540,12275,7897,12544,7538,11381,12783,12830,12808,9037,13521,10484,11929,10749,"
"
HG613-HT613_at,11216,14866,17193,10481,13637,16310,17841,15507,16154,14255,14317,16000,17972,20045,14273,16466,16186,16366,17150,15296,12907,9618,14616,14916,15307,14996,14192,16373,14768,13550,14873,14303,14348,15614,12772,11020,14370,13447,"
"
HG662-HT662_at,4767,6422,8842,3951,3804,4338,6551,6190,6270,7585,4521,5905,15769,13058,5693,6208,6211,5845,6443,5058,6011,3739,9008,6774,6400,5968,4545,9475,4371,5743,6889,6270,8654,7816,9678,5187,6261,9217,"
"
HG821-HT821_at,14255,15804,17521,18556,9858,16363,12715,13717,14964,14803,14981,14266,16047,20306,17693,16138,15088,11924,17554,15210,16768,16597,16051,14834,17017,15810,17643,16030,12181,16290,15083,15671,14887,17068,15790,15867,12535,16041,"
"
J02923_at,1673,2310,2934,1618,355,2075,1652,2653,1589,1664,2448,956,1269,109,338,2647,1042,449,544,2550,3321,1479,2926,1469,991,3515,467,1419,791,5618,1906,542,2181,1080,5873,3523,3733,2294,"
"
J03191_at,5807,7133,6423,5912,3774,6352,10209,7857,8134,13954,9904,5092,11905,1621,1881,8613,4907,7767,4394,12826,11758,10009,13403,9927,7458,13606,8136,8412,5044,11948,7111,3554,7470,4847,10543,9599,9111,3968,"
"
J03459_at,849,1192,1497,720,959,835,922,1216,1323,2020,1435,1234,3235,1255,585,821,940,800,1223,1096,1195,1194,2073,951,1078,1434,876,1255,759,2020,1072,989,1381,726,1307,1540,1136,1634,"
"
J03473_at,2018,2291,2796,1829,2497,472,1591,2352,2576,1874,2150,1339,4441,1040,1191,2741,569,2088,1702,650,573,405,1204,325,264,999,583,803,430,604,404,354,841,500,426,871,671,109,"
"
J03592_at,9621,13522,14321,10810,6754,15182,8798,13845,10015,10355,10263,9435,18920,8384,10390,12286,9011,11110,8779,5137,9515,9271,17241,8491,11556,10988,8683,12019,8663,9178,12010,6020,10530,9587,13349,11565,9317,8139,"
"
J03827_at,6895,8140,7649,6334,3969,10994,5434,6947,5749,5898,2881,3888,10740,9068,5831,7294,5467,3196,5303,10249,9795,8850,11440,7304,10013,7739,6930,5702,5701,6648,12441,8773,6332,6787,8864,9666,7630,6839,"
"
J04173_at,2398,1501,3678,1043,751,1284,3369,2766,1922,2724,5148,1604,4027,2013,1485,2404,847,1651,861,4000,4428,1922,6082,3449,2926,2632,1033,2377,1966,6042,3192,500,1019,1266,7107,3018,1372,2386,"
"
J04973_at,696,893,1201,215,391,344,764,1227,692,451,490,425,1824,1286,401,1180,701,499,284,795,939,215,1021,300,1015,866,486,539,401,443,599,276,428,754,1015,410,383,212,"
"
J04988_at,4483,8127,10367,5855,4825,3699,10806,8677,5578,11676,6625,5009,12926,5811,4406,7804,8427,6653,6281,8334,7442,5005,10492,10436,8528,7995,5430,10381,6814,6826,5957,3949,11110,5904,11153,9225,7520,7736,"
"
J05249_at,2004,1328,1578,1344,1536,1110,1938,1555,1576,2010,1583,1294,2807,1021,1108,2374,1577,1396,1583,1170,2572,978,2337,1682,1408,1745,694,1599,1406,2018,1700,1715,1999,843,1618,932,841,2525,"
"
L03532_at,1684,1195,2127,1409,1007,993,2047,1965,1685,1649,489,1160,2988,3574,1380,2322,1041,1500,1030,2197,2682,1481,2905,1643,2993,1585,1958,1222,800,1926,1259,1604,1537,847,1499,1556,1508,1180,"
"
L06499_at,20764,21733,20332,33795,24652,30549,23104,18949,23168,19472,24314,24383,9991,24322,28105,21817,24536,20360,31255,17636,23316,32791,18202,26787,22295,18283,34392,21037,37882,26232,20903,24376,18634,28164,17342,28208,21614,22023,"
"
L06505_at,9324,10999,13543,12210,5879,11214,10858,11638,10670,8661,13790,11870,11466,18006,7802,11733,11812,11114,8192,11126,7627,9241,12625,12487,9711,12182,8614,13327,11993,10270,13768,14504,12917,15621,11560,12264,11194,12660,"
"
L07633_at,3586,3301,4524,2629,2287,2022,5470,7313,3747,5100,1752,4004,8239,1544,1743,4011,4293,4516,2326,4802,5152,3378,4422,4222,3408,3623,2689,1752,1928,2752,2436,1302,2857,2696,3531,2626,3186,2785,"
"
L08069_at,1361,1392,2016,527,511,544,1347,1794,756,931,307,654,3038,438,410,1408,1972,347,-237,2148,907,357,655,390,338,580,296,497,247,723,1037,394,650,238,2234,370,478,654,"
"
L08246_at,543,740,2453,961,404,2095,1405,1718,623,1015,1198,1010,1969,1377,791,868,635,827,190,2972,485,375,783,1289,733,742,600,3128,853,6169,5502,2082,6717,1766,4914,2056,4136,4124,"
"
L08666_at,987,1488,1626,1549,1031,1136,1076,1199,825,1013,992,658,2060,1597,1084,1639,1029,1177,594,1564,1616,821,2159,1111,1909,1177,1054,1694,1654,2496,1327,2249,1604,1011,2710,1517,780,2520,"
"
L10284_at,1859,2792,3380,2175,2115,1258,3137,2837,2616,6156,1922,3470,6801,5085,1552,2623,2407,2228,2490,1631,2877,1566,5838,3035,3391,2494,1804,2742,2219,3821,2932,1651,2573,2365,3977,3352,3365,2363,"
"
L10838_at,2794,2308,3514,2742,2548,2096,1862,3866,1953,2224,1283,1498,4163,570,2079,2411,1870,911,1382,2393,4960,2937,4844,2208,2022,1823,1986,971,810,1906,1981,2106,2913,1735,1548,2775,2168,2734,"
"
L11566_at,12112,14972,17050,9281,15554,14090,9225,15441,15277,10391,14392,10690,14544,3739,15125,14585,16804,15815,11279,15076,11834,11010,15640,13144,14740,14926,13340,11745,6963,10671,14263,16397,14706,14119,10864,14645,13623,12509,"
"
L12168_at,3477,5036,3863,3810,2044,2118,2376,4086,2711,4749,2528,1972,3899,1821,1950,3094,2127,1891,2745,3509,3290,1735,3955,1334,1654,3849,1219,2789,1853,4208,1511,1651,2007,2533,3790,5285,3827,2247,"
"
L14076_at,1013,824,834,446,392,379,1202,875,715,1038,708,736,1402,965,1009,750,441,393,278,494,750,608,983,596,1302,1014,855,744,690,1037,1168,976,728,343,555,426,518,897,"
"
L18960_at,1055,901,1874,1256,1203,1135,1528,1464,810,1336,515,589,2141,2082,775,1642,1257,1251,583,1528,1747,565,1132,769,941,1325,576,1305,1457,1093,1188,1299,1234,695,1353,1160,1127,2012,"
"
L19527_at,15020,16768,17138,12483,16855,18169,17561,16403,16856,16103,17501,14847,15256,24472,18845,15864,18717,16467,18028,17275,15107,10903,16398,12320,16359,17067,12224,16236,13323,15007,16704,18337,16441,17704,15196,16610,17156,16019,"
"
L19605_at,1790,1154,1114,15688,1146,912,1810,1435,1694,3201,1684,1096,1884,1024,941,1136,1227,2492,937,3155,2566,1795,3582,1839,1442,2744,1764,2132,1478,2953,1381,848,1659,1312,2463,2129,3168,1540,"
"
L19779_at,4660,3153,3185,4528,1454,11149,4229,2826,3097,5337,932,1045,6216,2700,2808,6566,11472,6415,1678,4644,2487,1198,1797,5704,1248,841,1221,20209,1055,9467,16488,10572,7493,8138,20682,5272,11137,3956,"
"
L22009_at,3401,2949,4156,3494,4965,2693,2079,2990,2487,2427,1345,2557,3904,4714,5655,3253,4130,2008,2301,2996,4006,3871,3348,1961,5389,3052,2836,2696,2536,4895,2167,4509,2757,2453,2538,2836,2690,2131,"
"
L25080_at,7881,5676,5292,3294,5180,6503,8718,6257,6095,9773,4118,4635,9680,5157,4345,5116,4152,10085,3438,7772,4376,4052,7535,6190,7185,3463,3336,5085,2154,6192,4123,2982,4446,4284,7516,5873,6503,5296,"
"
L25085_at,809,660,1777,-67,241,484,731,1246,1035,1413,2640,206,2968,2163,942,1392,849,949,-4,1802,1838,878,4104,1126,3224,1780,874,941,377,2066,2073,2768,1534,1488,1850,1496,443,1306,"
"
L26247_at,4279,3675,6411,4239,3624,5459,7492,5550,4538,3280,5268,5161,11180,4499,8798,5819,6383,7485,2315,13116,6426,4201,10623,7344,13446,3139,4025,7773,4328,11275,12508,12219,8884,6633,9488,6251,10996,9240,"
"
L27706_at,486,293,421,369,293,308,812,763,621,640,511,396,2105,1154,256,789,397,644,603,491,568,293,843,451,581,675,363,434,302,413,263,225,544,531,512,363,270,284,"
"
L28010_at,802,1042,1302,868,662,300,1873,1770,1072,2869,586,677,2591,2247,438,1376,464,660,908,575,978,782,1758,1071,904,1998,551,431,449,307,603,438,623,427,614,479,518,1087,"
"
L32977_at,959,666,1015,549,473,1227,1534,1616,1467,2187,1137,979,5302,3117,1065,1321,1126,1054,807,2475,1169,844,2070,1329,2579,1258,1236,896,415,1618,1397,1169,1499,1946,2051,1388,1253,1155,"
"
L33801_at,287,93,124,45,83,114,211,301,147,393,269,93,135,189,52,468,66,194,269,354,361,289,288,116,204,323,225,260,129,201,146,197,80,142,128,163,383,30,"
"
L33842_rna1_at,1185,2226,3197,1402,1073,2052,2149,3238,2059,2845,3248,2737,7476,4052,611,1756,2076,2623,1952,1337,808,908,4875,2386,2049,1945,1179,3525,1755,1964,1473,690,4483,2060,1544,2040,937,673,"
"
L36151_at,1810,1389,2015,1695,1416,1013,2213,2309,1453,2647,703,1093,3046,1726,1469,2184,1870,1301,1300,2961,2470,1392,2843,1411,2159,1886,1644,1712,1397,2887,1538,2461,1183,1200,2703,1365,2975,1546,"
"
L38932_at,2022,1807,1391,2039,1562,875,1609,1008,1410,1170,997,920,3184,2241,1767,1172,1093,1664,1896,1425,2352,1200,2421,1474,1540,1331,1456,1320,1247,2282,2097,1918,1697,924,1533,1879,1660,2574,"
"
L38941_at,15962,18467,16105,16187,13616,9175,17992,13319,18764,12455,14222,20403,22256,28788,12730,20579,14208,15347,21247,21492,18004,11471,18751,17750,21849,18691,13286,22395,13301,10992,20051,23510,20325,16982,20297,16822,16828,21218,"
"
L40027_at,1125,792,975,868,1065,395,1280,979,1116,1760,634,663,2187,1494,717,1171,871,1271,200,829,1110,762,1918,841,1206,949,870,952,771,975,1150,1060,817,683,680,823,1257,1235,"
"
L43631_at,841,699,834,890,571,307,1146,779,605,955,437,823,3314,828,632,1181,408,653,599,761,845,499,995,584,1039,916,327,546,406,745,449,1066,722,430,675,393,527,545,"
"
L76191_at,1720,1599,1569,1925,876,2128,1696,2065,1271,1535,678,762,1933,1049,789,2190,1037,1670,957,1127,1093,638,1678,575,1191,1106,819,1090,764,2248,2081,761,1151,1153,2756,1123,1108,2412,"
"
M11119_at,1768,2045,900,2651,1191,780,836,872,1411,1705,1193,877,1699,1492,1301,2231,828,891,2022,1189,2087,983,1136,1076,1079,1328,415,1175,1106,1263,1257,1385,1350,591,893,869,1584,2062,"
"
M11147_at,5418,7070,9017,4746,7880,15281,6183,8506,3720,12669,9784,4454,13983,2900,6073,6023,13276,4719,4109,17348,6154,6221,9428,5094,6026,13077,3757,12411,7855,24559,21271,20121,16704,11014,18367,12275,19169,21484,"
"
M11353_at,14913,14619,14573,14649,17008,9183,12586,13228,14485,16092,4215,11166,16812,17227,11359,15896,7077,8794,13122,14924,19770,10619,15045,9427,15489,16065,10126,9208,10726,9410,13233,10435,11837,7934,8474,10303,14906,9106,"
"
M13450_at,2149,2192,2172,2409,1152,829,1711,2262,1466,3122,901,870,3565,1215,881,3018,1658,1354,976,1870,3233,1625,3795,1508,3109,1866,1427,1634,1315,999,1333,1295,1728,920,1280,1144,1522,1768,"
"
M13792_at,3221,5364,2837,6067,3103,1695,4765,9000,10228,8464,2091,2274,12213,2973,1743,5981,2425,3323,2617,10954,16523,16135,15230,8986,8629,3529,12900,912,2551,1299,752,2707,2493,487,769,1613,4148,1445,"
"
M13934_cds2_at,14108,15496,15002,17769,14009,19080,13783,14792,15913,9273,15968,17915,14515,3070,16167,15575,15882,15302,16948,12913,16060,16775,16462,17697,17066,16001,17407,16155,17757,17020,17367,18178,16524,18982,15605,19472,11917,17058,"
"
M15182_at,1491,819,1209,947,698,768,1055,1369,938,1166,634,814,3495,1069,589,1310,687,1004,611,845,1354,967,1587,860,784,1265,970,1416,1000,1744,1467,854,1031,1241,2606,2005,1055,765,"
"
M15661_at,926,1407,1346,1371,404,1007,911,1895,979,676,1294,977,2624,2020,672,1829,659,759,693,1646,1723,1477,1891,1083,3407,1467,1027,1414,949,1304,2134,1255,1399,2159,1723,1489,1086,2448,"
"
M17733_at,14223,15790,15470,18804,17173,25623,18530,17499,19989,15076,23354,14427,14830,20840,10034,18546,16070,14955,12984,17650,21790,29496,17821,21885,17788,14919,21603,13910,13424,17359,14383,15137,11442,10320,16797,14025,15936,17196,"
"
M17885_at,20663,23052,22863,19900,26800,28621,21474,23891,25395,22129,26443,23303,15226,24694,23083,23082,26230,23628,28290,23952,21865,27994,19759,28046,25522,23810,27360,23055,25309,23345,24565,22199,23444,30359,22411,28348,25089,22333,"
"
M17886_at,14744,17036,16806,16958,18211,25215,18877,16858,17860,15032,20834,20227,12940,17086,18915,17151,19904,18342,23494,16712,16725,23456,16108,20933,19731,17723,22439,18298,27469,20532,17863,18827,16670,25145,15912,21940,17658,16643,"
"
M18000_at,17748,19994,17680,18971,15778,22068,17259,20365,21279,17548,23021,21418,19278,29485,17537,19389,22677,20719,24395,21825,16886,19997,22218,21805,20864,22061,21174,22010,18846,16364,20221,20399,20907,23994,20407,21747,20718,18246,"
"
M19283_at,6284,10677,15517,7851,7431,3904,11615,14695,11917,14830,14418,6943,16621,3575,11047,10929,6534,10244,8757,14069,13349,6638,16353,9855,9458,7290,9962,7375,4453,10642,5343,5784,8748,11207,13617,8768,8029,6109,"
"
M19483_at,2810,3740,5879,3136,2794,2010,3427,5142,3912,5049,1995,3633,8608,1585,2364,5018,2456,2734,2296,5085,4600,2692,6233,4941,4055,4459,2382,3748,2308,3372,3104,3244,3605,3329,5138,3244,2260,2493,"
"
M20471_at,957,1856,2698,1920,812,651,1633,2784,1438,1274,1426,1493,3981,3390,377,2173,427,543,941,1357,795,969,1788,993,524,1376,595,1517,1238,1266,1209,728,1231,1324,1659,1725,851,779,"
"
M21259_at,1716,2284,3467,1330,1894,1158,1918,3257,2795,2524,1517,2120,6648,6084,2077,3034,1789,1720,1351,2421,3333,1435,3789,2338,3386,2747,1674,1642,1344,1215,1410,1570,2103,2056,1528,1429,1226,1057,"
"
M21812_at,893,657,504,984,881,524,529,458,486,590,578,580,670,319,655,687,557,574,890,622,1180,524,758,683,581,775,505,704,920,983,872,1145,905,358,607,728,1092,1296,"
"
M22382_at,1683,2409,3099,1900,1628,1589,3023,3388,2250,5156,2067,1757,7083,5634,919,3983,4728,2121,2399,1359,1890,1002,2016,2971,1960,3430,1175,1635,1647,1281,1164,824,2785,1254,5524,1819,967,911,"
"
M22538_at,704,905,2204,793,509,787,1647,2337,1118,1979,3069,999,3064,719,844,1062,801,797,483,4107,1010,828,1721,953,1055,1389,788,771,646,1251,2877,3479,1292,2136,2119,1164,623,619,"
"
M22760_at,625,1122,2318,660,538,827,859,1998,982,1499,1790,695,2264,3610,604,1895,1023,955,341,1594,1257,830,2175,1238,1528,2067,830,1295,632,1398,677,707,1194,1224,1730,1421,1005,411,"
"
M23613_at,9459,10292,12619,7522,5161,6711,7346,13437,11936,6731,12232,15895,15981,17810,7744,11729,6822,11033,10448,6073,12040,8241,14820,12028,11495,12217,9600,10457,6052,5887,5965,5309,11523,7993,9246,6757,7872,6362,"
"
M24194_at,16944,20411,19924,16665,19281,15346,18349,18596,22068,13997,24727,25933,17595,22233,21139,18221,17279,21410,25795,14183,19363,19403,19453,23133,20740,20225,19143,19389,17932,16987,19768,21441,18676,22370,18289,22569,19251,19120,"
"
M26880_at,6594,2606,2716,4891,7651,4291,5386,4326,4891,10088,4958,3132,13151,11336,6326,4840,9569,8894,4047,10565,6967,3769,7796,4218,8739,4006,4476,7105,5075,7485,5119,5077,6999,3526,9138,4223,6258,6617,"
"
M29064_at,1513,1235,2008,1450,1185,911,3014,2533,1978,3580,838,1504,4534,2601,244,2688,1322,1646,1411,2221,2239,1515,2347,2096,1388,1858,1203,1183,1065,1790,657,631,1084,833,1409,969,1381,774,"
"
M29536_at,856,1179,1496,814,755,434,895,1786,1174,1464,1180,1095,2688,1661,549,907,946,654,849,856,1185,608,1404,1029,800,1203,599,508,509,587,840,712,590,524,919,631,750,843,"
"
M31013_at,2676,2167,3648,3703,1011,1214,3047,2638,1794,2406,2545,2095,3653,2800,1195,6132,1089,2474,1274,2983,2171,1817,4192,1563,1825,2695,901,2056,1464,4745,1693,857,3710,1767,3970,3404,3169,1953,"
"
M31303_rna1_at,3828,3780,3563,3330,4212,2290,4751,3347,3207,6630,2143,2292,5931,2306,2131,3182,2909,2648,2817,3021,7245,4890,7228,5054,3352,2346,4712,1648,2195,1888,1359,1291,2176,1486,730,3719,1985,1527,"
"
M31520_at,14924,17099,16011,11003,15986,12394,15036,15093,16569,19782,15776,13582,17896,17917,16158,15763,18815,15989,18566,18002,15285,8759,15829,12117,15531,19190,13828,19704,19108,15481,17809,19928,18028,14659,17664,14218,15812,18797,"
"
M31642_at,999,904,1352,690,241,643,1567,1254,551,1366,933,483,1149,1096,249,1125,485,613,344,550,1110,505,1608,1251,940,562,489,681,425,737,578,475,823,518,692,466,393,848,"
"
M32405_at,6163,7942,8221,6320,6498,11769,6839,9251,6595,3957,6315,8314,8335,11735,4415,7415,8099,7582,4621,4830,6853,9394,8204,7423,8491,4844,7412,6618,7206,8050,8680,7626,6290,10268,4123,9644,6733,6640,"
"
M33336_at,1801,1192,2206,976,1286,209,1781,1685,1800,2752,1248,601,3970,497,1167,1597,653,721,747,781,1162,442,1432,363,511,1585,271,519,262,501,187,171,341,654,540,651,956,480,"
"
M33680_at,5565,11689,10308,9427,4741,4101,7747,10614,6738,4369,3990,4555,12742,11199,7909,14682,3233,5779,7408,5318,2583,2647,5521,3094,4194,3076,4348,1467,1639,2043,2839,3588,3768,947,4575,2584,6412,3195,"
"
M34175_at,1128,642,640,796,755,191,763,509,532,911,390,579,1933,372,553,749,576,676,743,755,1206,666,1320,598,662,807,702,834,993,777,741,994,833,544,938,919,859,948,"
"
M34539_at,1703,435,1081,537,809,393,1249,1096,610,1656,699,60,4829,500,185,728,1543,1018,-75,1845,339,782,2252,983,1145,766,260,289,271,1588,478,58,380,743,1945,1603,1616,-489,"
"
M36341_at,775,689,835,675,614,321,586,715,618,1082,515,650,2580,883,483,765,423,284,774,954,954,339,1045,709,912,725,526,566,745,766,1038,1076,722,952,789,703,537,1354,"
"
M37033_at,6095,5558,3868,5292,4807,1570,4313,5622,5218,4449,2837,3736,12235,2033,2935,5006,2630,2746,2149,3794,4756,2665,3738,1895,1559,4573,1073,1600,1870,5337,3048,2977,2480,1056,3947,2879,3777,4024,"
"
M37104_at,712,803,1200,591,617,623,999,1047,977,775,646,657,2054,1532,304,896,721,620,610,1129,1716,928,1311,1035,924,1214,853,712,562,897,656,646,772,684,930,1030,854,423,"
"
M37583_at,2030,1886,1977,1376,1304,1733,4231,3327,1260,3064,2090,994,2977,4788,1199,2538,1868,1428,1553,2741,4259,3279,5364,3169,4217,2226,4272,1657,1466,2499,2594,1471,2854,2138,2072,2209,824,1673,"
"
M58028_at,2450,2288,1983,3824,3263,1912,3814,3386,1683,2509,1269,2169,3864,404,940,2977,2119,3106,1364,2507,3853,2880,3545,2025,2163,3576,2683,1707,1495,3607,1320,1384,1707,662,2499,3934,1745,2368,"
"
M58285_at,1917,1416,1749,824,1845,1013,722,1138,1283,933,1173,733,1790,1176,1162,1993,455,894,1207,1603,3199,1522,1846,909,931,1725,1023,1185,1464,1914,2171,2250,1044,695,2797,1238,1615,1638,"
"
M60854_at,19478,19945,21763,24850,18043,22265,16824,20157,20364,18563,21335,18835,17053,14235,22758,21226,21321,19486,23311,20027,21616,23602,19979,22476,22497,20759,27599,19700,17211,19657,20239,20708,19747,22928,19141,22522,20002,20043,"
"
M60858_rna1_at,5147,4864,7901,3525,3801,3311,6607,6912,5976,8148,3015,6395,12608,3617,3523,7172,4280,5603,3767,5821,6434,4891,8615,7421,5430,6523,4932,4356,3549,4890,4242,4026,5215,2768,4724,4790,4808,3527,"
"
M63483_at,910,1041,1326,850,788,671,1548,1383,1392,777,708,1465,993,815,710,1701,962,436,1057,1260,1646,1244,1407,1399,1046,544,1182,1246,586,994,769,502,1663,823,1522,1474,1145,1898,"
"
M64716_at,13008,13162,11780,12189,13970,18059,10624,13174,12905,10747,15166,13288,11038,20770,15832,11477,15306,13935,16602,13342,13856,17184,12715,12916,14736,13508,17233,14178,15307,13164,13528,13722,12670,17165,12084,15683,12554,12754,"
"
M64992_at,919,1055,1989,675,598,652,1071,1797,1344,1170,1042,852,2526,1555,690,1249,1081,510,475,1276,1443,956,1898,1260,1543,1151,815,856,569,991,1205,1370,1275,1713,1079,992,693,899,"
"
M65254_at,352,302,260,418,439,176,245,237,315,507,610,250,359,214,205,289,241,474,763,199,586,307,355,328,300,308,296,287,312,295,336,287,294,158,226,410,350,463,"
"
M68520_at,569,335,590,141,19,158,691,568,485,702,527,446,956,316,66,689,381,508,251,557,391,243,614,560,541,705,281,404,266,39,401,241,718,326,293,65,406,265,"
"
M69039_at,403,709,1630,877,628,646,872,1582,1137,1581,451,770,2519,1897,513,1288,691,609,948,1063,859,723,1451,1023,1328,1061,817,969,817,425,819,631,782,560,1048,1120,618,453,"
"
M69066_at,6766,2771,4822,2915,5195,5543,9053,4825,4220,13552,4453,2841,7957,1391,2349,5840,4764,7278,1927,8229,6972,3639,9057,5331,7209,8407,2434,7423,3335,6546,3575,8954,6600,4067,9413,5744,6837,7242,"
"
M74002_at,1210,1107,1706,1606,962,698,1471,1505,1043,2397,994,913,3847,3651,1729,1542,942,771,547,2149,1501,679,1365,793,2790,1749,945,2446,1187,1356,1301,2868,1431,988,1176,922,1243,1063,"
"
M74491_at,1815,1821,1870,2690,2313,997,2188,1840,1990,2748,1080,2338,1692,1223,740,3010,854,2061,2043,1790,2659,1911,3345,1520,869,986,1077,2917,1959,3343,1257,712,2451,1393,3110,3812,1631,2501,"
"
M77232_rna1_at,13058,16647,18333,16371,11830,11966,14187,17094,15411,10241,13517,14236,20034,19552,14008,18481,13587,12488,9625,19729,10712,11254,18133,16922,12208,18532,15216,18305,16663,12405,17143,17643,17816,14377,17815,15094,17427,15673,"
"
M81601_at,1467,1022,1279,1268,800,1098,2944,1644,1733,2504,1252,1511,4254,2599,1098,1354,971,791,965,2088,2086,1026,2189,1164,1771,1608,1173,799,759,1198,1552,1699,1359,875,831,1173,1678,1480,"
"
M81757_at,19295,18865,21388,13513,18828,21378,18714,23890,25834,19313,21981,22046,20514,13544,18006,22750,21758,18764,14874,21939,18478,13146,21360,16016,19195,21071,15036,18349,18019,15275,19938,21059,20628,20790,18470,23093,23367,18823,"
"
M83751_at,554,290,893,126,382,196,1140,890,518,923,393,574,2185,302,270,650,735,546,197,1006,912,138,1751,1091,568,367,195,298,214,743,104,500,368,250,1173,650,196,398,"
"
M84332_at,3248,3042,2903,2977,4906,2592,2667,2865,2850,3477,2480,2580,5266,1800,4675,3514,2736,2349,2096,5401,5736,2791,6216,3527,4918,3245,3010,3522,1704,6139,4878,4839,5224,2876,4446,4217,6063,6354,"
"
M84711_at,15442,17589,17797,15316,17448,17089,18015,14147,16670,12872,13209,16025,9861,22218,12206,20515,11963,13848,19038,17789,19702,12827,18902,16346,11898,11890,13290,18554,17355,12383,4847,4862,18179,13557,16104,15029,13847,19478,"
"
M86400_at,6534,5832,6279,4350,6609,3417,11259,6404,8024,9332,2797,5195,9910,3615,6738,5995,4889,4125,3724,7503,9816,5395,11016,7656,6101,5407,4032,3433,1623,6679,4384,3189,5108,2978,10029,4763,5947,6923,"
"
M86667_at,2283,2921,3814,1648,808,1749,2584,3624,2729,4860,3079,2382,6410,9815,1460,3494,1870,2221,1589,2300,2500,1449,3488,3492,4536,2475,2195,3370,1445,1499,1979,2102,2146,1521,2628,1594,2379,1938,"
"
M88108_at,1988,1822,2202,1360,1675,744,2154,2533,1744,3508,1457,1582,4823,2098,1519,2575,1182,1533,1010,2137,1781,1694,2824,1969,2963,2519,1862,1725,1009,1141,1515,1191,1643,1691,1450,1676,2145,1442,"
"
M94556_at,814,987,1958,566,526,227,1280,1241,990,1683,711,741,3117,2577,264,990,754,1189,602,943,1607,629,1792,1047,682,1366,855,924,745,854,635,516,804,730,860,715,858,643,"
"
M94630_at,3364,2583,2747,3108,1738,1460,3016,3151,2175,4525,1533,2229,4867,1730,1535,2826,1791,1454,854,2491,3021,3367,5094,2672,2408,2623,2386,2376,2084,2896,3018,2530,3143,1615,2502,2814,2151,1548,"
"
M94856_at,363,888,2064,719,488,429,2163,1359,809,1042,419,458,2700,833,260,1773,573,452,650,1049,2027,709,1716,1221,772,1411,901,591,577,817,520,246,955,129,1345,473,606,1049,"
"
M95627_at,1228,1095,1197,1883,1836,744,1500,1332,1294,1620,970,1217,2461,537,894,1483,990,1227,1605,1054,1926,1241,1660,1123,1144,1450,1046,1275,1113,1568,1436,1676,1309,695,1381,1748,1467,1801,"
"
M97287_at,1122,1083,534,1796,2137,688,1003,2771,1701,2635,271,1263,4033,1476,605,1732,1848,964,1124,3212,1882,1111,1179,949,996,653,1424,1316,841,769,1071,1178,1861,1171,1034,1157,2744,1207,"
"
S77356_at,1376,1129,1193,1097,3780,830,1451,1161,1364,311,1455,2533,2269,906,1493,3089,925,936,1741,1835,2033,1676,1881,3239,887,4067,1747,7195,1565,4169,3156,3487,2840,947,6894,1828,2203,2436,"
"
S79522_at,14205,11692,16152,13310,14571,11854,12943,13888,14029,14693,12769,13981,17903,19835,12522,15752,15525,14698,10908,15373,15166,10269,14368,12140,15328,15848,15430,15306,15379,13017,14447,17138,14338,12574,14641,10234,14803,15544,"
"
U01038_at,1265,1645,889,1697,1082,648,1074,943,1000,1070,870,748,876,322,785,895,763,806,996,716,1641,748,1451,1098,1176,839,1175,1038,1276,1403,1749,1308,1199,440,1197,950,1346,1693,"
"
U02493_at,6944,5557,5972,5939,5656,5454,6550,5794,4226,9011,3245,2799,8920,5539,5060,6328,3663,2996,3156,5941,8791,6141,12083,5855,7935,5630,7007,4420,3368,5138,4143,3995,5077,2199,4954,5189,4559,4892,"
"
U07857_at,3237,2711,3597,1549,2440,1747,2693,2984,3485,5204,1661,1921,8808,3556,3080,2932,3280,1950,1695,6639,5941,2372,5324,3747,5603,2738,2044,2414,1680,2242,3334,3046,3488,2246,3686,2507,4121,2900,"
"
U09412_at,364,302,304,369,503,186,328,350,183,467,190,225,501,157,431,428,312,300,372,502,412,245,340,468,385,392,520,393,389,316,329,427,289,306,330,346,615,500,"
"
U09564_at,338,416,791,507,326,209,1037,681,367,589,654,423,975,895,211,817,144,230,381,277,723,403,679,443,349,980,334,357,367,328,316,369,443,177,355,210,221,419,"
"
U09813_at,1954,2056,3857,1189,1346,1760,2088,4046,2634,1827,2650,1501,4753,4391,1604,2943,2718,2019,1616,4090,3894,2589,4989,3140,3763,3570,2807,1622,1550,1757,1896,3384,2346,2932,2276,1893,1812,1435,"
"
U09825_at,1142,755,773,705,1169,244,1201,933,667,1784,934,757,1494,878,730,653,602,1087,1046,987,757,599,1140,943,910,911,579,630,579,1230,639,962,783,133,470,741,525,1080,"
"
U09953_at,14573,14988,17703,10299,14145,9751,16478,15156,16295,17938,18475,16321,19888,22793,16658,16405,17723,16898,17934,17462,14024,7402,16000,15111,16323,15309,11533,17130,13263,13261,14596,18485,16100,15410,16188,11788,15124,16543,"
"
U10323_at,3215,3110,3157,3150,4100,1751,3412,3862,2767,3807,2249,2428,7634,3380,2398,2819,2296,1259,1784,3784,4717,3142,6140,3667,4923,2030,3619,1654,1764,2686,3064,2904,3371,1051,2692,2432,2844,3423,"
"
U11861_at,1587,1730,1528,1466,1933,1284,1286,1819,1884,2082,1374,1436,2840,1946,2018,1705,1560,1987,1490,1834,1870,1273,1998,1950,2456,1610,1360,1515,1291,1678,2017,2489,2292,2264,1630,2028,2314,1892,"
"
U12404_at,16874,19405,22103,13801,12484,13008,20578,20539,22740,16367,18986,20392,20198,27333,13748,18904,18405,19522,15747,18656,16738,10340,20627,21014,16467,19140,13815,21371,11753,12505,16036,21823,20199,16888,19459,15465,17991,15781,"
"
U12465_at,11717,13384,15305,8594,9228,13108,12381,14170,15243,9870,13341,15307,13959,19655,9728,13478,15004,13952,9481,13457,12587,9376,14533,16783,13553,13106,11018,14247,10649,11778,14867,14904,13617,14686,11044,16011,13729,12972,"
"
U14193_at,796,845,1004,561,635,327,709,864,756,4324,491,476,1538,990,447,841,628,541,606,849,1002,359,851,619,769,578,434,404,596,574,563,525,643,423,492,570,490,523,"
"
U14603_at,1890,2181,2529,2189,2286,1585,1467,2474,950,1632,1524,1254,3293,3029,2362,2342,953,1087,608,10296,14096,9598,12997,4089,9121,2393,9083,2616,1709,3624,2507,2710,1807,1528,2535,2917,4251,1975,"
"
U14968_at,13353,16960,15831,8088,14677,12259,14389,17641,17534,11771,13792,13885,15741,20294,14078,17417,11293,15809,18896,16698,16701,13912,16860,16310,17023,17786,16439,18125,14345,13618,15487,15860,16388,18239,14801,16202,17258,16750,"
"
U14969_at,19130,21278,18912,17527,21219,23801,16759,21418,22479,18173,21919,20041,18347,16588,22720,21532,23910,22008,23583,20960,20446,27775,21080,22192,23147,20376,23320,22828,18161,19854,21235,23646,20906,23842,21992,24086,20881,21544,"
"
U14970_at,15119,18977,22706,13829,16708,23652,14555,22167,18559,22617,18433,21885,18636,9454,16949,18952,23573,17287,18082,20593,14278,14611,22701,20348,19724,18743,14085,15446,13349,7353,18585,20339,20625,20972,16164,20234,19183,16561,"
"
U14971_at,12143,13939,15848,7853,9768,13452,10227,15059,14144,10178,12279,9851,14534,5755,13040,12014,16103,11141,9985,14953,11746,10055,16604,15537,12022,11334,6647,13678,9134,7550,15615,17281,16026,17054,13045,16811,14456,13031,"
"
U14972_at,12720,14156,14358,7747,11385,17486,13237,14540,13734,13548,12562,11496,17438,13401,13562,13594,16516,13214,11872,15360,10600,7194,15421,13636,15536,13232,13438,12335,9966,7519,13790,15743,15181,19669,13479,15012,14792,14805,"
"
U14973_at,19398,20331,18998,23847,23243,21290,21565,18202,21257,18229,22269,20855,12927,24478,23412,19490,20965,19275,26047,18006,21078,23824,18535,22041,20012,18057,26503,20318,28671,20088,19174,22047,18811,22740,18877,21503,20260,20125,"
"
U15008_at,7093,7288,8690,3971,5473,8311,5507,10876,9059,7643,5635,5533,13517,12649,5248,6677,7710,5402,4824,10263,10008,6479,13146,9058,9475,8576,6840,5806,3902,4325,7301,7158,7420,8323,6776,6327,4975,4704,"
"
U20998_at,1753,1486,2298,898,1586,426,2151,2901,2523,3295,954,1147,4698,2914,1000,2298,498,753,672,1602,2760,1013,2334,878,2016,2263,1131,408,528,698,786,845,824,1175,440,651,659,580,"
"
U21858_at,425,379,630,379,304,235,395,411,361,824,327,450,1144,1020,360,495,385,361,280,400,632,309,577,517,790,632,432,789,485,527,571,686,695,560,845,512,515,619,"
"
U24105_at,3163,2103,2698,1245,5036,1769,1960,2869,2127,4355,2545,1419,3755,795,2910,2828,1921,2172,3698,3504,2990,3065,3075,1666,2375,2737,2218,2644,2156,2314,3717,4136,3471,2119,4480,2848,3467,4047,"
"
U25789_at,6556,7736,9239,4822,5904,5643,6032,10378,7972,6034,5599,12281,11539,4792,6884,7626,7117,6152,5398,10632,7685,4850,10182,7779,9182,11123,6597,9929,5624,5665,9072,11002,9620,9334,9803,6378,8436,9798,"
"
U28686_at,907,753,892,488,866,987,1055,977,630,825,494,587,3123,939,1404,971,1018,914,430,1789,909,558,1149,1144,2045,990,622,898,747,602,751,1480,938,1017,873,567,1001,1122,"
"
U29607_at,7072,6609,3654,7619,8242,4064,5410,5833,5823,6524,4385,3623,9302,7028,5221,5141,4327,4955,7283,6849,8702,5885,4255,3686,4523,6989,5839,7890,4527,3477,4589,5799,3672,1454,2854,4295,7387,5690,"
"
U30521_at,2191,2336,2824,1591,1720,438,2804,3548,3457,2127,473,558,10059,2444,609,2865,427,422,1625,784,2528,1691,3331,770,703,1661,4620,1048,1180,281,189,314,814,383,564,1517,756,400,"
"
U31930_at,2070,1733,2335,1730,1031,1349,2665,3847,2274,4054,1463,1542,4922,1928,464,2097,1459,2169,1224,1732,3532,2526,4201,4161,2040,2533,2124,1762,1882,1524,1549,1464,2373,1310,1409,1517,1730,1039,"
"
U33286_at,280,297,1017,357,332,112,702,977,433,861,385,380,1236,431,128,760,164,445,280,190,609,273,713,250,681,448,210,233,259,385,167,485,238,157,202,155,105,189,"
"
U33818_at,573,601,1237,693,469,359,577,862,588,764,1375,447,1645,1243,479,1038,423,440,467,552,595,449,726,1285,621,619,505,873,569,770,854,979,872,566,1187,643,622,568,"
"
U33821_at,1799,1795,1505,1849,1689,467,996,1812,1173,1921,558,1199,2855,1095,832,1424,1374,484,1545,1453,2641,1191,1497,965,1616,1244,1389,2506,1067,1776,2730,2054,2039,1931,2247,1712,2449,1788,"
"
U37690_at,1490,1646,2385,1345,1506,1770,1249,2299,1680,2113,1365,1228,2455,3779,966,1871,1768,1523,980,2250,1817,2140,2726,1601,1540,2190,903,2197,1514,1780,2715,2538,1563,2043,2711,2611,1854,1951,"
"
U38846_at,2170,2703,4006,2145,1295,789,2389,3210,2673,3508,2382,2148,6661,1700,566,2613,1271,1969,1370,1407,2048,1250,4200,1613,1850,2680,1255,1162,899,891,965,1145,1563,1029,1374,1235,998,579,"
"
U39317_at,1253,820,1179,924,692,500,1253,1396,892,385,1135,1019,2358,2709,1107,421,691,637,204,632,995,752,1444,775,1081,666,558,463,396,1147,1222,1296,844,682,1363,1058,584,1175,"
"
U39318_at,1123,1637,1604,1713,1677,883,1429,1592,1606,1869,1033,871,2186,873,1935,1337,1455,825,926,2099,2251,1296,2317,1570,2212,1454,1339,1436,815,1977,3402,2842,2097,1654,1951,1327,2284,3173,"
"
U40343_at,914,1349,1022,774,385,538,953,1665,794,804,503,639,1302,590,3491,1373,552,709,616,814,1648,174,1604,1093,960,686,637,517,286,2044,684,944,656,507,1179,435,790,678,"
"
U41371_at,1149,1039,935,954,1161,426,1454,1522,958,983,944,918,1982,955,843,1111,679,1116,583,807,1534,1200,1729,1344,1514,1160,1012,1023,815,1460,1496,1261,1148,876,952,1284,1663,1171,"
"
U43286_at,563,578,654,589,512,286,864,965,639,775,1332,356,1314,590,458,815,405,384,214,714,614,254,324,561,646,764,518,298,341,245,372,475,475,488,639,691,926,596,"
"
U44839_at,4819,5135,3116,5237,6748,1964,6131,4403,3924,4226,2618,3945,6650,1847,3406,4697,3728,3011,1282,4231,5747,4125,4628,4265,3880,4149,4245,4917,3767,3658,4752,4728,4777,2192,4923,4686,5433,6702,"
"
U46025_at,2696,3155,2594,3844,1319,2069,2083,4825,3039,4167,1016,3675,4846,1587,1001,3229,2601,2329,1462,2193,2312,1031,4217,3342,3146,2763,1963,2037,1565,2496,2849,1044,2586,1575,3899,1364,2311,1755,"
"
U49785_at,1258,1111,1087,1011,610,596,835,1135,1309,1183,1122,964,2091,1276,804,1304,954,1237,353,701,1783,739,965,1063,774,982,572,1264,1154,1153,981,983,1165,567,1197,1058,848,637,"
"
U49869_rna1_at,12454,13477,14846,14222,19363,10557,20407,18153,13574,11827,9209,18884,22282,22336,13893,15811,15225,10185,12491,19697,20413,18192,19818,21770,18172,16533,19392,9245,7021,12569,16520,22815,14905,15612,17030,15590,14680,15907,"
"
U49973_xpt1_at,1137,1091,907,846,1098,589,999,1333,1228,1475,1142,527,1651,474,874,1119,779,1254,1264,1122,1249,1081,724,954,854,1260,976,1171,730,793,1084,1388,1079,408,1113,906,1267,1129,"
"
U50523_at,2567,2902,3550,1594,1233,1927,1466,3512,2470,4041,3656,1099,2987,517,1350,2033,1211,2556,481,3975,3091,1877,3612,993,2409,3438,1774,3658,2265,3806,3068,2467,2161,1963,5051,3675,3723,1768,"
"
U51004_at,2534,2534,3891,2318,993,3879,2621,3409,2646,2919,3132,2654,5839,3138,2285,2711,2925,1708,1281,2294,5635,2597,5930,3485,4243,5620,2120,6829,3337,2787,4641,5071,8524,5812,5144,5936,2541,4465,"
"
U51478_at,3756,2534,3849,2160,3314,1330,3002,4275,2937,4455,1489,1951,7798,1472,3146,3906,1775,2988,1594,2271,1861,1365,4335,1938,1488,2186,1389,2293,2214,2863,1842,1793,5098,1710,2442,2101,2801,3921,"
"
U53209_at,2410,1262,1290,1708,1337,679,1900,1792,1896,2952,572,2210,4567,1038,1643,958,861,725,1310,2136,1922,787,1914,874,1964,1676,1657,947,620,1024,1627,1747,1355,708,1154,1585,1842,1117,"
"
U54778_at,1965,1675,2614,1930,1752,924,1783,2234,1685,3856,1003,1154,4782,2015,661,1921,1345,1441,2620,1839,2190,1303,2976,1089,1694,2049,1146,1669,807,1139,1318,1438,1750,797,2053,2088,1142,1733,"
"
U56637_at,4531,3407,4063,3787,1810,948,2831,4639,3184,6071,2606,1561,5929,3269,1527,3710,980,1627,1517,2051,5561,2505,4132,1660,2378,3619,1156,1684,995,3268,1943,2067,1484,1256,2062,2547,1440,2994,"
"
U57342_at,2164,1834,1409,1849,2795,1342,2418,1385,1225,4868,944,1178,2658,899,1566,1493,2051,1461,1939,3000,2375,1435,3230,1827,2694,1828,1276,2636,2159,1707,3190,3953,2635,1597,2396,2932,2519,3202,"
"
U58682_at,11731,14484,14923,12169,9873,14495,9023,17453,11608,12607,12456,9132,15463,13237,11189,13713,15479,12218,9749,13271,10624,12573,15532,10005,12204,14156,12186,10164,8995,6994,12800,13115,14815,14215,9526,10391,11604,10771,"
"
U62962_at,3512,3167,5468,3415,1918,1853,4145,4876,4139,3672,3460,4104,10647,7152,2521,3891,2452,3392,2823,2807,3140,1790,4450,2630,4523,4295,2980,4379,1938,2424,2998,3971,4545,3734,3726,2533,2834,6850,"
"
U64444_at,995,793,1108,814,852,560,793,902,820,1249,827,667,1077,919,1084,897,759,842,538,987,2048,862,1954,954,1223,924,1092,912,651,1462,1114,1160,899,772,1259,765,974,1031,"
"
U68063_at,1335,903,1985,940,951,613,1946,1849,1534,2863,497,975,4176,2233,591,1941,1561,1046,438,2020,1167,837,1767,1027,586,1317,526,630,379,241,737,747,498,628,811,834,1131,890,"
"
U70735_at,1272,1132,1391,984,1160,620,912,1369,1076,2069,855,990,1899,443,579,915,1163,1227,1060,1294,1427,969,1515,1306,1046,1129,1238,862,649,62,1066,940,1135,588,1348,1073,1220,862,"
"
U72512_at,1898,1530,1646,1970,1834,1021,1376,1248,1909,1952,1712,1359,1537,550,1516,1192,1710,1650,2493,1835,2103,1612,2039,2027,1570,1718,1293,2212,1226,1778,1636,2427,2057,1015,1758,1876,2150,2720,"
"
U73379_at,1630,3025,1721,2115,1433,632,1539,2672,877,1590,2030,1019,1123,578,682,1310,853,889,1182,798,2108,1561,2375,2373,2773,1649,2610,1027,2260,2729,2085,1770,1685,782,892,1405,925,1706,"
"
U73824_at,3528,1848,4983,2175,4849,924,2794,3969,2416,4802,877,1020,7913,2738,1838,2441,1531,1717,2047,6372,5190,2242,5729,1705,4852,2008,2028,3145,1913,3066,2869,3448,2971,1942,3898,3086,4073,2735,"
"
U77718_at,730,639,1146,836,930,386,1398,1372,814,1558,365,797,3094,1256,451,1026,939,298,369,697,780,693,668,630,1159,702,484,933,901,437,529,1143,1160,604,385,622,795,871,"
"
U77948_at,1114,1685,1502,1278,1545,257,1054,2117,1571,2481,608,513,2627,916,757,2224,580,865,655,1238,1176,691,1166,402,1044,1220,698,546,769,405,407,610,613,484,438,517,1231,190,"
"
U78027_rna3_at,13706,8763,10422,5719,6730,9521,11960,9607,10143,15669,7935,9499,16991,15947,5744,10460,9694,12521,7814,9660,7703,4923,8411,8439,9051,9640,6228,10764,7360,6312,7651,8906,12201,13176,12696,6232,8087,10119,"
"
U79262_at,1013,1011,899,1068,1397,567,904,1179,895,1193,743,590,1319,302,558,1068,769,609,1018,690,1756,946,1324,941,796,1071,1043,697,817,755,927,956,796,365,813,885,781,1065,"
"
U82010_rna1_at,855,764,543,732,1151,396,582,592,648,1456,847,346,1023,426,411,1078,565,617,822,655,779,801,799,425,718,760,558,669,697,644,586,510,706,257,547,621,662,751,"
"
U86529_at,1067,1145,946,1024,1335,360,787,783,1039,1450,818,901,1455,543,818,909,1071,1096,1093,896,1260,661,915,654,808,508,830,1022,1120,904,1253,1446,1071,1164,964,706,1111,1601,"
"
U90313_at,1112,1275,1171,1211,966,859,1155,1368,1271,2027,992,468,1413,1334,707,997,843,880,830,2015,2292,1390,1920,1248,1084,949,1169,1133,1675,1497,1691,850,1382,1649,1360,1510,1299,2272,"
"
U90426_at,710,646,899,641,1049,353,894,992,758,870,371,722,1204,663,768,1100,411,854,747,1308,1561,937,1236,1680,2149,1197,1288,1548,1098,1748,688,644,1238,512,1935,822,987,712,"
"
U90909_at,800,491,872,564,568,349,1327,678,489,1122,524,606,1315,2062,1488,811,637,1036,633,1169,609,275,929,880,1252,640,631,610,428,967,714,1091,1081,668,1144,541,773,1906,"
"
U90915_at,3970,4276,5157,3536,3011,2517,2997,5713,4165,3891,3695,3455,9422,4026,3776,4752,2928,3849,2529,5018,4857,3618,7355,4508,6178,4979,2488,3253,2327,6688,6215,4475,4269,4585,8755,3496,3974,4718,"
"
U91932_at,896,808,1344,870,500,563,1707,1348,1521,1063,852,1080,1534,1339,211,1143,397,988,528,692,620,378,1174,883,781,743,342,740,351,1419,850,618,789,724,1658,799,449,1179,"
"
U93205_at,6722,5853,8056,4385,1758,3623,5120,6254,5609,5748,2697,1145,6607,94,1852,5507,2714,5491,1717,5853,5487,3010,8969,5959,6588,5198,2388,6082,1413,7022,6440,3527,6812,7557,9707,6195,6507,7865,"
"
U94319_at,687,184,641,255,320,153,1110,1135,913,1611,843,921,1521,976,159,580,311,348,204,1664,571,817,1607,986,374,783,771,271,250,339,305,388,660,351,328,383,962,279,"
"
U94586_at,1621,1607,2935,1325,1323,760,2416,2353,2188,2589,1479,1230,5438,5695,1620,2612,1134,1048,1274,3419,3854,1678,2436,2650,4119,3236,2109,1692,1748,2411,1559,1277,3191,3068,3217,2292,2836,1836,"
"
U94855_at,3785,2568,4749,2369,2313,2814,6266,6025,3966,3054,3509,2210,8388,2947,2160,3511,3656,3415,1947,3794,1425,2260,4940,2527,4712,2958,2126,2137,1281,1772,2800,2350,2346,2852,3301,2329,2581,2311,"
"
U95040_at,4220,3711,4150,5282,4695,1881,4691,5916,3922,7608,3041,3902,7648,689,2556,4744,2325,5673,4275,4951,4688,5457,8664,3891,7220,3677,5755,5342,3241,3606,2830,4977,5356,2600,2939,4259,4761,3724,"
"
U96915_at,641,601,2210,423,317,754,944,2202,1038,1234,564,546,2508,960,720,1408,1306,467,178,2175,1496,743,1633,1503,2369,815,673,569,319,892,1005,566,1590,1155,1275,711,1045,545,"
"
V00572_at,2933,2232,5538,2745,2866,5402,5584,5017,3391,11416,3666,1925,4657,4496,1114,4150,2480,2904,2783,6754,5511,4157,6813,3882,4468,4386,1917,3836,2589,5531,3221,2506,4298,3061,5472,4044,4525,5737,"
"
V01512_rna1_at,1383,677,5073,4182,1029,1727,5205,5480,2270,3927,899,2754,6408,5759,1672,3534,12448,7583,1725,5615,393,421,1414,2047,1039,774,179,2339,233,5859,4363,1371,8230,941,3990,405,3955,7372,"
"
X00274_at,19748,13356,13769,10249,21432,12115,22819,17537,15788,11024,24729,20761,17103,14610,22204,9988,14157,19293,9890,7657,1031,1749,1432,2274,461,3274,867,5095,14176,15600,13090,943,13273,9066,17423,16543,15834,17500,"
"
X02152_at,2824,4850,7811,5427,1893,4622,5028,6167,4964,11680,7236,5041,9237,2402,1508,7049,4960,4296,2822,6881,8645,5512,12325,6144,6884,6143,3638,2969,3282,7080,2899,2304,5188,5446,8551,6225,6163,7102,"
"
X02317_at,1598,2087,2236,1271,1371,6234,4869,2848,2163,3908,700,1907,3279,3871,648,2354,7059,1294,1038,2925,4253,1726,3106,2245,3077,3577,1850,1097,860,1529,2394,1762,2733,1186,1960,1492,2188,1384,"
"
X03342_at,21379,23566,23755,21306,22927,24324,22446,21837,24185,23450,22778,24184,18984,23719,22501,23188,24469,21799,24381,22493,20700,15301,22485,24288,23136,22332,23346,22799,22720,19777,22535,25397,21879,27491,20855,22588,23322,23130,"
"
X04085_rna1_at,1057,1655,2000,6132,775,294,1220,1990,1143,2472,220,1271,4002,1781,350,3970,747,773,115,1395,823,537,633,464,628,662,434,5880,2140,5171,2886,4680,3077,6001,5064,7260,2027,3070,"
"
X05276_at,1323,3723,2855,1875,3656,1928,1496,2673,2691,4018,1301,2048,5210,147,863,3461,1896,832,289,3229,1541,622,1102,570,718,1318,736,498,752,364,964,1904,1611,975,915,1552,2403,2399,"
"
X06617_at,19910,20830,22607,19700,23738,24502,21692,20364,22270,16500,16975,21930,13746,22892,22443,19823,23429,21466,22915,16862,19576,23246,19372,21778,20866,20015,21961,19923,16785,17591,20989,23034,19967,24754,17884,21153,21092,19320,"
"
X12447_at,1930,3499,6697,4879,1361,5472,5597,8104,5848,8688,8517,5473,9715,1676,1333,3317,3635,6591,4388,4851,3096,3703,8379,8794,4986,4222,2009,8226,4008,12080,9226,4845,3260,6033,8371,10576,7243,7725,"
"
X13238_at,2248,1774,2946,1300,990,1330,3383,2877,2668,2879,1707,1161,4748,5715,1303,1920,1463,1482,1188,3202,4450,1458,3142,2113,4149,2512,2137,1037,1161,1865,1645,1308,1802,2262,2228,1476,1682,1931,"
"
X13482_at,722,402,667,226,449,504,506,613,455,664,454,379,848,815,882,600,974,430,305,799,997,636,875,584,1155,601,734,572,351,586,374,747,725,390,633,487,457,474,"
"
X13546_rna1_at,3535,3145,4057,3002,757,2242,6595,6641,2125,6513,1169,2695,3638,3644,2476,4311,2840,2010,1650,2886,8396,5921,10991,9243,5546,3570,5378,1329,2154,5852,4751,3749,4239,3006,6806,2767,2982,2499,"
"
X13794_rna1_at,2583,3363,5697,2765,1906,1369,2681,4386,4146,10502,4332,2584,9567,3641,1920,4301,2432,1722,2406,6125,8613,3965,9144,5825,7146,7458,4427,4845,1175,2151,3019,2149,4956,4624,4589,3346,1495,2656,"
"
X15183_at,4243,9425,8511,5430,6676,5260,14431,10198,7076,11963,2410,6684,13111,13571,2983,6424,9711,5614,3189,8548,11549,5811,10093,13105,8437,6763,6963,5144,3238,3228,6031,4536,4861,4405,12581,4784,5556,6496,"
"
X15341_at,4290,4051,5084,3456,3232,2786,6259,6167,5794,5139,2688,3768,8686,5546,3118,5583,3388,4499,3000,6798,8822,4890,8537,7794,7803,5654,4765,2566,2620,4974,4808,4193,3603,4556,6618,4117,3943,2912,"
"
X15822_at,2095,1902,4269,1996,2575,1790,3450,3499,2595,3637,1758,1537,8151,5455,1038,2454,2296,2683,1639,5601,4911,2795,5748,4443,4682,2901,2128,2308,1291,2698,2519,2743,2459,4132,3601,2292,2366,1941,"
"
X15940_at,16669,19541,18931,21393,18734,19702,15582,18378,18787,19535,16728,17937,15903,25949,18277,18692,19643,17017,19872,18441,15835,15068,17661,17614,19220,18294,16014,19838,21787,15556,19067,20303,17677,20810,18198,18344,18031,19897,"
"
X16064_at,21116,22535,22059,25787,28069,23238,21759,20200,20830,21118,17371,21564,18383,23336,23347,23942,24476,20942,19968,21199,21903,21473,19719,19534,22264,21121,23419,22739,23874,22307,21088,23339,20091,19339,21211,20569,22205,22700,"
"
X16135_at,3490,2535,1419,3394,3061,1569,3570,2518,3388,5651,1875,3401,7060,2667,2181,2472,2098,2428,2387,3312,2656,2437,5306,3284,3173,3069,2455,2131,1837,2527,3103,3305,2861,2004,2486,2879,3411,2684,"
"
X16560_at,4108,3023,5874,1828,1701,2229,3402,5239,4513,4403,3827,3846,8945,8932,1886,3325,3133,5062,2060,2874,5518,2877,6133,3920,4745,6187,3977,3379,3056,2285,2682,2534,2142,4220,4835,2775,2816,2191,"
"
X17042_at,177,392,7972,403,140,5252,2408,2133,1232,1150,1232,1519,180,1912,354,1687,3711,1751,290,3460,416,597,848,1094,1343,2525,179,8521,3628,10620,8477,1285,7857,8860,11000,5848,3259,8849,"
"
X17206_at,22525,24663,27143,29490,25854,29510,21499,24111,24228,23984,28111,23940,20650,17827,24089,25469,24587,25363,27322,24045,21949,29898,23587,27532,25963,24068,25460,24419,27110,21561,26294,29164,25143,27315,23075,27501,24711,26708,"
"
X51466_at,12044,13014,15389,15936,10863,7788,12270,12687,12413,11798,13824,13402,13964,3736,13276,14634,13341,12052,7139,11970,10112,10185,12892,13247,15691,13296,11981,12730,9141,10813,12303,14201,11694,9637,11770,12533,11888,12074,"
"
X51521_at,3989,3637,3245,3321,4252,2952,4956,4438,2005,3780,3429,2568,4758,2264,11799,4330,2358,3872,2065,2774,3692,2272,8349,4432,7186,1806,1491,990,1009,1446,1198,1460,2345,792,2579,1001,2039,3312,"
"
X52851_rna1_at,11370,10577,13723,8535,11070,6001,10173,13382,11270,12818,8316,6452,13603,7740,4060,12022,6613,9410,5971,12714,17961,10909,15427,13268,13033,13239,10787,7243,6648,10299,8232,6674,9504,7227,11764,7805,7943,7042,"
"
X52882_at,1127,1159,2041,636,1085,343,2466,1761,1012,2329,756,1095,3789,2126,882,1608,1113,511,621,1709,1498,782,2453,1765,2068,1894,890,1096,610,1011,850,1461,1321,832,2795,808,893,925,"
"
X52966_at,8900,9961,10216,7663,6539,5576,5740,9648,9953,8123,7578,8795,12861,13268,7646,8162,9670,7904,2981,10842,9648,7123,10764,9517,6339,10611,8105,9759,7420,8480,9213,12475,10958,5914,9997,9136,11471,10859,"
"
X53777_at,13517,12530,16087,5887,9639,10990,14547,14177,15577,15487,8326,14594,17884,15679,9341,13448,14106,13504,11132,13586,7365,5316,13964,10317,14289,15205,6057,14388,8504,5591,13339,15952,12718,12779,12920,10187,11175,10619,"
"
X55715_at,15190,16832,18566,12243,16439,16618,15762,16605,18452,17747,16910,16485,15328,13202,14975,15259,17430,16575,21163,12910,14508,13407,16947,17451,15079,17078,10695,18742,15641,16744,18880,21400,18195,19299,17801,16870,16011,19864,"
"
X55733_at,2260,2432,2687,1875,2836,2369,2625,3282,3281,4111,3970,2863,8001,3875,1723,2068,1804,4456,3156,2392,1336,2164,6181,2161,3527,3049,1542,2707,1084,1353,2951,2046,4194,2487,3076,2970,3647,3262,"
"
X55954_at,15895,16878,17483,14180,15676,16422,15839,14445,16909,15351,13991,17804,14882,18850,15888,15137,15363,15302,18691,15047,14751,12273,15076,15817,16938,16363,16110,15655,13433,13902,16131,16650,14811,16576,15459,14961,15428,14807,"
"
X56253_rna1_at,1123,1309,1316,1245,1020,807,1071,1308,1033,4051,1138,1324,2110,562,928,1082,858,774,1454,1552,1842,921,1339,615,826,1516,842,1495,1481,1830,1242,1487,1107,1875,1031,1595,1644,2102,"
"
X56468_at,2689,1894,4091,1545,2011,1521,3147,2927,3089,4059,1641,1881,4738,4687,1667,2657,1685,1114,1232,3072,4172,2133,5838,3043,4143,3041,2243,1220,1108,1378,1862,1618,2105,1280,2611,1644,2064,1916,"
"
X56932_at,21121,22197,22414,25127,25435,22288,21630,19980,24893,20206,20749,23282,20202,25685,23344,22077,23918,22778,24162,21146,23195,24183,21725,24325,23551,23816,25169,22183,23306,20301,21726,23389,20881,22387,21321,21078,22941,21705,"
"
X56997_rna1_at,11777,13358,13239,12063,10007,8309,11219,15412,14594,11749,10134,13208,14517,19796,11148,12534,11803,14071,9596,13550,13407,12392,13532,15077,13016,14125,11629,13430,10885,13729,11059,12708,12507,10360,13936,13394,14362,12351,"
"
X57346_at,1873,2231,3229,1918,1728,965,1328,3714,1393,1924,615,583,2360,1858,812,2699,1345,1278,680,2057,2550,3010,4118,1114,1170,2634,1647,1168,875,2288,2051,1316,1121,1193,2038,1961,1999,1720,"
"
X57959_at,8650,10787,12331,6650,5964,5458,9355,9030,9582,13423,8811,9498,15287,8450,6926,9179,8720,9549,6119,10783,6293,3840,9862,9371,9857,10192,5875,9696,7016,5661,7143,10779,9292,6899,9625,6688,6689,10878,"
"
X59417_at,3016,3821,5216,5527,2073,846,7743,7288,6084,2454,1273,6483,7626,5746,699,3840,3877,3262,1810,3424,7721,4194,7780,5206,6540,1756,2461,782,490,1650,528,99,1203,1561,1628,1783,1214,1582,"
"
X60036_at,4615,4858,6391,4129,3929,2447,3099,6915,5539,5873,3681,4513,10233,3722,4826,5403,2318,3472,3357,4999,4415,2937,7573,3851,5075,4105,3720,4650,2882,4446,5111,5984,5205,4336,5155,4356,3970,4772,"
"
X60221_at,2126,2160,3061,2286,1214,1191,1819,3211,2590,2048,1339,1500,4702,2903,949,2424,1323,1478,808,2651,3331,1836,3699,1862,1955,2678,1785,1434,728,1762,1795,1734,2033,2039,2906,1893,1935,1879,"
"
X60489_at,7396,8151,10567,6497,6305,3664,7182,11307,10062,13327,7170,8006,14720,19176,5469,10353,7332,7677,7948,7655,7188,4735,12002,8116,13283,12445,5326,12400,9141,7065,8725,11181,13339,9959,10116,7147,8936,11370,"
"
X61970_at,1286,1354,1566,846,617,452,903,1865,1535,1763,1104,805,1923,293,305,1184,600,612,663,874,2111,1262,1399,816,637,1060,805,617,656,747,574,464,627,646,718,670,468,477,"
"
X62055_at,2414,3298,3785,1683,1062,738,1085,2709,2325,1996,844,581,1735,223,431,3143,424,1413,791,2225,2094,1696,3714,1320,1242,3893,987,3111,882,2260,1079,522,964,1753,2268,2872,2487,1249,"
"
X62691_at,17558,18403,18893,14691,15938,13729,16268,18585,19518,18721,19468,20026,15426,18597,17077,19061,17685,15453,13247,18299,18925,14762,17718,20076,19657,18997,16263,19734,13008,16247,18529,21211,18556,22223,18521,16525,20589,19626,"
"
X63527_at,19184,23086,22787,23443,24579,23022,20438,21296,21241,21977,18874,20045,19551,20337,23477,21318,23876,19039,22710,20867,20113,22405,21373,20666,22234,21834,24774,20521,22246,20153,21135,21712,19777,23198,20703,20908,20610,20528,"
"
X64330_at,1000,1213,1425,994,843,235,1452,1201,789,1251,685,719,2229,413,273,1083,535,813,628,1212,1480,656,1531,810,796,1014,480,779,461,859,718,551,657,230,512,843,919,740,"
"
X64707_at,8408,7491,9729,6500,8321,11335,8225,9132,10997,8999,8509,9416,15594,12191,4689,9874,5545,11024,11235,7944,6322,6175,9400,10540,8491,9850,4396,9942,7384,7058,7363,8831,7962,7193,5319,6710,8178,8768,"
"
X67247_rna1_at,22121,24116,24471,23569,24961,22805,22140,23118,25435,23798,21446,24886,22440,29644,21561,23256,22814,22486,25114,23042,23877,23810,22514,25131,24881,24793,24311,24896,23847,20451,23674,24452,22388,24872,24350,25810,24508,22816,"
"
X67951_at,4144,5380,7330,7604,4708,1762,5863,10739,5100,1127,3663,3712,7821,1006,430,12722,3468,5968,3865,989,1479,1715,3656,1427,2735,1720,784,1670,699,797,634,305,2440,686,2053,1317,7233,480,"
"
X68277_at,3987,2825,7373,5648,7819,2162,5028,7081,4960,3236,859,5501,16079,10631,7516,8351,17076,9977,4920,6021,1854,1458,4562,4171,2545,2624,1043,5058,639,7331,8203,3902,13157,1422,7224,1007,8209,8432,"
"
X68733_rna1_at,550,763,305,707,1100,388,329,218,686,1370,529,531,361,346,358,477,341,350,965,425,579,617,885,455,358,429,660,387,519,809,717,460,484,229,356,782,1104,1038,"
"
X69150_at,20344,21956,23571,25618,22246,22321,21599,21069,23515,22465,24083,24158,17808,27652,21500,24400,23935,21167,24107,21055,21494,20086,20951,22888,23974,22066,20414,23354,22852,20907,21493,24854,21847,26072,20852,24393,23699,23734,"
"
X69391_at,12458,12727,14929,11890,10823,7975,10950,11904,11960,11175,11478,12962,16568,12083,9599,13622,6788,10420,13902,12421,12935,9771,12336,9508,14687,12895,11015,12412,10070,11305,11971,13051,11828,10632,11467,12585,12988,9668,"
"
X69550_at,2804,3012,2529,3167,3720,1588,4811,2305,3010,4206,1756,3051,4497,783,2804,2939,1242,4004,3053,4081,3690,3287,4859,4328,3998,2759,2157,3758,2503,7095,3716,3808,4186,2166,5908,4529,4593,5961,"
"
X71428_at,4631,3243,3397,4423,4849,1468,3098,3478,3906,6431,1536,3023,8307,2429,3031,4179,2748,2950,2808,4481,5364,4966,6074,5161,4460,4624,4806,3722,3246,5065,3824,3332,5848,1549,4634,4521,4715,5299,"
"
X72841_at,612,641,954,258,260,537,1917,1208,820,1788,687,304,1586,700,273,925,686,548,287,713,648,554,1486,627,882,1074,505,537,384,399,673,828,1028,752,406,507,568,367,"
"
X72964_at,1283,662,734,499,917,1096,1067,704,737,1017,439,307,992,627,381,871,557,562,655,569,1021,401,1247,711,555,680,890,623,476,452,561,498,642,382,654,723,741,638,"
"
X73460_at,16446,17335,20994,19861,15406,17681,16966,19412,21090,19094,21572,19685,18069,13573,17340,18841,18956,18366,16954,16711,15984,16798,19623,21461,18921,18184,20602,19296,16062,17993,18254,20483,19476,18630,17818,18676,19530,17974,"
"
X74008_at,1317,1016,1927,651,796,547,1469,1908,1576,1909,1360,1191,2906,3824,1104,1146,569,776,691,869,1531,1162,2207,1393,1413,1586,1410,610,533,1173,929,855,902,731,1452,882,906,440,"
"
X74104_at,1359,1287,2055,1199,1469,635,1525,1805,1803,2631,1598,1347,3531,605,1018,1962,1017,1288,858,1694,1848,1043,3918,1634,3037,1794,1203,1612,1247,1989,1341,1433,1478,1477,2668,1640,1560,1456,"
"
X74795_at,2792,1681,2557,1681,1589,1382,3242,2868,2092,5967,1889,1528,2984,1068,1103,2133,1378,2550,1411,2755,3184,4786,4262,3920,2463,2109,1938,1496,1574,2112,2975,2950,3525,2112,1916,1980,1341,2472,"
"
X75861_at,1820,1322,1614,878,1181,916,1686,2108,1289,4367,947,1192,2634,317,928,1969,1030,855,438,2189,2232,949,2723,1499,2110,1538,1267,1214,791,3090,2486,1981,2067,1749,3259,1950,3026,2042,"
"
X76013_at,2124,2182,2861,1823,1938,918,1664,3025,2416,2408,1749,2044,5709,979,1297,3009,1296,1945,1698,1825,1354,1346,713,1624,2369,2569,1621,2281,1738,1844,2175,2460,2039,1847,1994,1594,2255,1284,"
"
X76770_at,1553,1417,706,1297,1563,620,773,711,640,1521,441,790,1091,347,609,921,603,778,1152,839,1409,976,1006,830,527,989,811,1058,1002,749,718,820,1062,371,821,1263,1187,1573,"
"
X77584_at,1180,1335,2196,1110,834,1465,1810,1678,1661,3860,1856,1462,1086,3640,455,1431,1775,951,979,2216,3245,2021,5311,3924,4614,2889,2650,2620,1695,1700,2054,1427,2377,2375,3781,2760,3366,3435,"
"
X78136_at,7558,8575,8059,6863,6360,4698,6708,10561,6012,12425,7282,7881,13299,1945,7591,9366,7250,5036,4403,7993,7271,7201,12224,9459,8723,5443,6408,7943,4159,9334,10464,14023,9273,6924,11871,6925,8322,9086,"
"
X79234_at,12625,9942,16848,9997,10576,12033,14192,16602,16257,15725,15092,13226,16296,20182,12314,14486,16802,15654,13001,11891,10231,9564,15437,15498,15715,14333,7768,15894,10298,13567,15964,17958,15522,18645,15622,10825,13951,15330,"
"
X80199_at,1757,1721,1685,1851,2338,609,2306,1612,1457,3058,1161,1269,3389,2136,1272,2121,1102,1455,1576,1607,2187,1424,2258,1451,1775,2021,1732,1333,1399,1872,1343,3037,1747,1039,1378,1387,1835,1627,"
"
X80200_at,1721,1753,1934,1762,2525,1281,1154,1260,1376,1598,1469,1041,2936,659,3848,1681,1756,1048,1667,2254,3071,1399,2964,1830,5347,1428,1521,1729,1308,1755,1128,2542,2757,1091,1540,1753,2491,2070,"
"
X80230_at,659,902,880,873,818,212,1855,1396,1696,704,235,1565,2471,261,617,1052,622,1266,755,498,554,312,312,587,605,563,325,491,264,469,319,269,393,273,639,351,788,366,"
"
X80822_at,14002,14490,16640,22242,17197,21201,17001,13074,16362,12966,16561,17232,11286,9673,18212,15518,16700,15796,20629,14512,15718,23235,13821,18876,16326,13925,20642,15084,21888,17075,15099,16906,14566,20054,12633,18740,15073,14937,"
"
X80909_at,8097,10165,10857,7281,5257,5791,5327,11078,9891,14728,5892,8542,14808,19055,6530,10136,8513,7887,4959,8988,6633,5848,11555,7477,9580,8921,6182,10031,7069,6038,8508,9352,9169,9133,8163,6450,8292,6999,"
"
X82434_at,1935,1715,1323,824,1124,1754,1671,1036,1274,1491,406,1387,1571,449,1311,1001,1513,968,1192,1451,996,1024,1474,1556,932,1285,1242,1162,454,1485,2312,2505,2275,1015,2582,1470,1789,2111,"
"
X82456_at,3500,1616,2603,1448,1547,694,3586,2458,4277,9742,2904,2081,5052,2494,1205,1898,663,3538,1177,2698,2682,1474,4026,1705,2599,4138,897,1658,1050,2603,2051,2329,1712,2002,2734,2356,2546,1006,"
"
X83218_at,1433,1603,2255,984,766,3263,1437,2190,1544,1465,1010,1056,3560,3696,881,2233,3065,1454,727,1536,2048,1388,3059,1367,2049,1798,1387,1184,1009,1528,1366,1245,1392,1582,1822,1543,1284,896,"
"
X85372_at,333,857,1785,430,394,436,864,1797,1125,1101,775,773,2406,1645,447,1215,694,794,478,1183,2183,1228,2283,1609,1683,1216,1135,421,298,761,658,479,719,861,854,612,488,710,"
"
X87838_at,1724,1481,1270,1572,1260,379,1988,1720,2085,2112,1374,2061,1488,2067,1450,1308,691,781,1899,1499,1216,572,1409,824,1794,1326,935,1182,916,2236,2939,1949,2570,599,3795,1615,2021,3448,"
"
X91247_at,924,1153,975,1186,1223,536,746,1435,1039,3028,990,797,1978,898,744,1225,1104,736,1271,1026,1508,897,1355,814,1242,1494,914,1029,836,691,1480,1831,1003,784,803,1058,977,1352,"
"
X91257_at,1580,1596,1689,1371,1428,458,1148,1455,1764,2024,1149,1563,2467,903,1076,1476,1115,1608,1575,1045,1243,1242,2151,1406,1500,1385,1136,1223,1072,937,807,1522,977,723,1206,630,905,701,"
"
X95404_at,12387,12183,11820,10573,12244,9264,10020,12151,13424,17529,7676,8018,14245,6768,8016,8173,8931,14746,12221,11446,15000,15237,16204,16445,12872,11905,9738,10802,8105,17347,13928,8840,9379,9110,17292,12236,12701,11383,"
"
X95586_at,1116,1229,1659,959,1007,469,899,1114,908,1283,1070,429,1534,588,417,1021,571,653,851,510,592,515,898,476,716,869,436,839,752,759,601,762,918,514,715,633,572,962,"
"
X96586_at,513,594,791,552,554,106,895,541,573,2964,192,427,1327,477,351,833,185,302,348,510,696,350,836,385,391,696,310,724,454,569,378,402,471,187,481,401,711,915,"
"
X97302_at,789,757,428,1239,1595,323,417,390,764,1162,611,526,706,367,538,587,631,550,1256,488,868,522,837,576,433,709,909,828,901,695,1131,1756,809,626,566,599,770,1182,"
"
X99585_at,967,920,1299,702,818,671,1097,1360,806,1150,729,749,1655,399,339,1077,690,511,535,1031,1428,1248,1509,1128,1320,976,867,556,452,507,695,481,766,439,810,738,1118,548,"
"
Y00062_at,1122,1747,2700,1414,358,347,185,2582,1078,4988,1476,276,940,367,128,3269,118,391,190,2231,2597,1260,2624,1029,728,3881,273,838,355,1577,1440,1534,781,1156,1413,600,1414,1468,"
"
Y00281_at,1351,1389,1283,1576,1196,1072,1590,1392,1253,3101,697,1516,2274,1020,712,1853,1021,1227,1149,1925,1881,981,3441,1323,994,1343,600,1394,2837,2031,1636,1278,1278,1182,1170,2274,1413,1133,"
"
Y00282_at,1475,1521,2417,1418,1107,1212,2435,2844,1382,5095,1478,1741,3688,1110,508,1660,1364,2968,1106,2651,1762,1278,3933,1564,3369,2957,941,3109,1642,3550,2767,1395,2452,2391,4926,4560,3348,2221,"
"
Y00433_at,7546,9491,10367,9862,5885,7798,14517,12831,9547,17789,5040,11238,12045,1387,1726,9198,8571,8671,3059,9601,2917,2263,5917,3389,2128,3531,1891,10231,7848,15634,15257,12466,11792,12354,15956,17123,13056,9888,"
"
Y00764_at,1637,1945,2622,1268,1067,1336,1706,2829,1729,1804,1343,1600,1609,4898,1180,2037,1571,1272,1479,2092,2886,1330,3517,2004,2417,2284,1651,2458,1644,2088,1978,1692,2677,1778,3759,1463,2054,1558,"
"
Y08614_at,993,1134,1802,903,673,270,1865,1853,2088,3347,693,1301,2936,1679,366,1368,692,885,653,992,918,531,1468,785,414,927,455,554,430,841,195,1710,334,287,546,449,417,411,"
"
Z12962_at,16258,16017,17258,21839,18941,21422,17200,13949,16611,12980,19784,17364,11534,17004,19089,17425,17104,16959,21804,14570,17002,24528,13124,18969,16973,14992,26771,15993,28688,17519,14637,16728,14474,20657,13374,19274,16071,15942,"
"
Z14244_at,1295,1483,1920,712,404,1542,1781,1922,1161,1081,509,800,3726,2810,610,903,1188,704,780,1692,1838,1114,1837,1109,1610,1421,920,410,367,962,1568,1197,1006,1951,2017,948,716,822,"
"
Z21507_at,1820,1301,2778,278,526,971,3559,4952,3415,2642,1214,2425,6719,4116,1698,3138,1040,3729,583,3141,2787,2178,5658,4568,2945,1573,1615,1135,1262,1559,476,1553,613,1682,1327,159,1489,517,"
"
Z23064_at,1732,1272,1742,950,1253,737,1271,1491,1232,2813,782,1086,3205,743,1182,1450,945,918,913,1146,1689,928,2204,895,1510,1026,997,778,646,721,710,805,1452,748,1020,771,790,1132,"
"
Z25749_rna1_at,8616,8786,12713,7626,6357,10268,6158,13110,10458,9213,9526,9007,14813,16014,8222,9995,6826,7656,6115,10125,8843,7612,13527,9083,13381,12465,7964,9153,6504,7346,9243,10640,11610,13071,9857,8897,10190,7750,"
"
Z26876_at,14113,13183,15733,17559,16046,18741,15392,15872,14160,13376,15097,15531,14007,22822,15325,17095,16232,13818,18657,15157,14557,17872,14903,14193,17035,15857,16827,16472,14980,15628,15021,16527,14177,18676,16731,16166,16021,13416,"
"
Z29505_at,3115,2403,4232,3267,1593,497,3148,3767,1967,7721,2404,2137,5857,3203,1155,5404,1389,2623,1207,2989,2688,2210,5010,2078,3358,3907,2036,2853,2065,4304,3120,2689,2864,1859,4293,1989,1888,3992,"
"
Z37166_at,4181,4018,4227,4045,3440,1207,6268,5176,4316,9654,1692,3291,6967,2197,3108,4878,3078,3352,2154,4510,4479,3712,4398,3360,4640,4352,4189,6740,3784,6190,2845,5210,3941,1785,4452,2452,2217,3035,"
"
Z37986_at,1633,1293,1353,1391,1593,1557,1643,1396,1063,2713,1403,1108,1553,828,1065,1339,1891,1441,1301,1767,2256,1417,2853,1190,2201,1705,1341,1362,747,1743,1459,1826,1587,927,1800,1136,1452,1685,"
"
Z47087_at,512,464,648,626,604,380,664,547,484,629,302,627,1261,411,388,629,608,321,572,626,843,414,1022,490,965,629,472,961,290,665,834,1194,958,511,524,684,786,1141,"
"
Z47727_at,627,941,952,887,965,458,690,959,642,819,420,317,892,364,576,1121,667,274,481,880,1364,839,845,625,636,848,704,427,473,947,790,990,764,402,677,733,754,797,"
"
Z48042_at,1565,1975,2540,1890,1428,547,1888,2633,2639,5365,1251,2139,4294,605,941,1989,885,396,1340,1315,2224,1595,2181,1544,1317,1814,1311,1245,694,1674,1086,1052,1436,1274,1852,1283,1434,1489,"
"
Z48950_at,8463,8847,9449,9010,7849,7219,9713,8024,7524,15597,2345,5856,15567,13083,11352,10048,15900,4344,7987,18588,11821,9106,9488,16262,6239,3590,9437,19492,5008,14429,13153,22818,15874,7689,13880,10841,11570,13832,"
"
Z70759_at,16514,17725,18478,23368,22750,22499,16115,17202,17758,13650,17088,16394,12561,16516,20884,19097,16712,15863,22109,15019,18028,23815,15343,20021,16251,16465,29408,18918,35610,18196,17081,15609,15942,19006,14031,19948,18095,17089,"
"
AB002533_at,10933,13028,15706,14684,12647,15758,12570,17153,13026,14106,11157,12318,17585,14678,13940,15029,7905,16113,13943,14011,11214,17956,14755,12749,14354,12852,18969,11382,18795,12421,12796,12671,13236,17577,13527,11077,11441,14496,"
"
D13146_cds1_at,2343,2182,1859,1478,2908,1024,2578,2034,2053,5074,1992,1753,3591,1835,1635,2304,1969,2346,1551,2230,2564,1102,3626,1505,1636,2247,2352,2694,1772,1937,2646,3592,2367,1426,2138,1731,2309,3234,"
"
D38073_at,994,680,950,509,331,314,1991,1030,675,1730,762,800,1158,1185,141,1145,521,700,456,539,1441,1258,1973,664,884,1062,773,238,382,245,267,342,832,294,148,309,259,256,"
"
L10413_at,1922,1691,2150,1599,746,229,2080,2127,1278,3519,635,764,3716,2347,591,2198,660,937,790,917,859,645,1957,410,787,2035,384,768,507,693,405,480,452,494,937,472,777,709,"
"
L11066_at,1208,741,2024,1238,852,514,1962,1702,1960,2823,916,3135,4245,1861,906,1396,1183,1456,1637,1584,1348,711,2811,1796,3020,2195,962,1337,1055,1708,1147,1787,3663,1570,1779,1004,589,2407,"
"
L13773_at,639,770,488,843,881,97,914,572,599,1572,111,503,1822,602,251,1384,207,428,286,501,379,312,727,259,584,179,484,310,343,410,517,584,637,211,431,136,1122,537,"
"
L20688_at,14552,15979,16141,16598,18074,13914,16150,16449,18317,22322,10127,13495,18322,10248,12199,17069,15833,17794,12028,18931,21489,22097,16789,19507,15281,18813,16035,14725,9764,20872,8140,3910,12095,8178,17432,17043,18784,12303,"
"
L49380_at,2763,2551,2330,3160,4339,2254,2715,3025,2417,5126,1148,1641,4999,924,3977,2798,2971,2619,1759,2199,3308,3462,4317,1784,3470,2398,2553,4102,2601,3773,2552,3556,3274,1709,1982,2961,3534,2976,"
"
M16342_at,1430,1370,2205,1130,1118,960,1928,1756,1735,2945,813,1198,3266,1961,810,2894,1120,988,639,2014,1804,1241,2770,2542,2079,1560,1309,1157,985,1661,1715,1330,1735,1088,3010,1188,1271,1728,"
"
M93651_at,2392,1803,2485,1970,2049,1102,1721,3171,2230,4392,828,1487,4794,1514,924,2103,1731,1072,1648,4588,2845,1747,3985,1966,3336,3444,1735,1165,1195,1232,1134,1095,1894,1586,1853,2133,2465,1373,"
"
M94046_at,4353,5041,4263,5932,5928,1503,4864,5491,5279,8676,1666,4607,7262,2844,2973,6395,1983,4378,3555,5115,5656,5583,9388,5613,7163,5508,4178,4849,4075,6051,4064,5105,3146,3783,4358,4709,5249,3377,"
"
U94832_at,456,319,835,512,329,192,1155,676,511,1798,496,505,2193,564,281,1098,351,632,147,459,442,362,1098,573,1246,643,336,446,432,617,458,603,835,463,456,357,500,578,"
"
X04526_at,2762,1909,2649,2169,3365,1159,2820,2863,3034,3397,966,2096,4455,3219,2323,3467,1087,2056,1432,2064,2767,1900,5017,2102,3320,2190,1531,1515,1062,2270,2066,1017,1697,1669,2277,1896,3046,2390,"
"
X12671_rna1_at,3354,3901,6790,3110,4606,3735,5823,7977,6167,11665,4316,5105,17781,18364,5901,6107,7104,7323,6071,5648,5142,4500,9448,5974,9400,5639,5701,5142,4032,4826,5417,7478,10212,7805,5968,3260,3718,5132,"
"
X65488_at,1245,1058,2007,927,956,329,1911,2092,1414,2163,622,1524,3164,798,630,1991,904,1291,694,1820,1452,962,1881,1444,1849,1704,1602,1118,615,1509,618,723,1965,668,1124,1102,1730,599,"
"
X66785_at,1854,2289,906,1552,1316,1076,1174,1015,1246,1505,573,1200,1960,1885,980,1724,1307,1551,1687,1435,1948,1646,1319,1533,962,2153,1441,1483,976,1581,1410,1353,1084,672,1511,1324,2228,1436,"
"
X72727_at,2182,1336,2417,1313,2214,659,2611,2586,2469,4243,850,1854,5955,4639,2058,3378,1465,2287,1034,2724,2675,1191,2718,1250,4192,2173,1579,2538,1728,1972,1670,2265,2506,2134,2504,1033,1744,2056,"
"
Z15115_at,8444,4261,3425,3810,6152,1277,6216,5831,5618,3712,1616,4694,11237,9114,2572,6110,2242,3074,5373,1920,3117,1790,3302,1330,2524,3382,1613,2272,1082,2010,802,939,1238,967,1364,1568,1843,936,"
"
D86974_at,21011,31449,12606,30265,34131,9098,16617,30256,27270,28937,13298,33152,27348,7570,11827,27983,13678,12148,24894,25240,14945,24722,13269,6937,14046,23337,29831,28709,25365,12977,23356,9818,14159,9487,15283,13853,22262,11379,"
"
AB002356_s_at,1813,1502,1467,1759,2112,728,1442,1230,1561,2894,1289,1566,1738,773,903,1646,914,1288,1686,1033,1899,1171,1968,862,932,1369,1142,2024,1625,2145,983,1819,2084,1329,1435,1004,2166,2800,"
"
AC002045_xpt2_s_at,2538,3237,2541,2977,3140,1069,2277,3629,1755,5176,825,1638,4647,1148,1081,3714,2150,1014,1586,3684,2308,2519,2341,1093,3164,3351,2237,4374,2921,2201,1859,1441,2050,742,2568,1158,3591,1925,"
"
D13413_rna1_s_at,17139,18894,15341,15251,17136,19111,11793,21445,20275,21767,21755,16462,16412,31453,20521,16553,21379,20983,22464,21863,18183,16876,21600,16603,12753,20085,21390,20598,17170,17563,22007,22571,21596,24529,19495,10622,18224,16646,"
"
Z49835_s_at,922,710,1436,576,433,791,985,1125,448,2248,258,542,1429,197,1132,1169,739,190,325,1230,837,585,1685,853,1441,419,491,1046,757,2302,1847,1292,885,1087,3373,1613,1073,1103,"
"
HG4541-HT4946_s_at,2215,2013,1963,2143,3566,1056,2085,2211,2264,5668,1395,1448,4018,1515,1740,1972,1784,1794,1858,2320,3008,2094,3925,2201,2588,2105,2323,2222,1986,4098,4556,2891,2600,2884,3449,2813,3457,3836,"
"
HG4312-HT4582_s_at,3049,2558,2733,1834,3362,2134,2505,2533,3926,11688,989,2347,4728,3170,1212,2914,3814,2860,2559,11476,5418,2272,4462,2414,2744,3341,3785,2493,2664,2454,1349,3143,2880,1268,2778,3056,2220,2208,"
"
M19311_s_at,6616,5419,6729,4961,6008,2302,8616,10439,8613,15169,3332,4266,14654,3208,1749,7170,2641,2846,2989,6774,9449,6165,7825,3452,3843,5725,3961,1923,2459,3748,2807,3024,4182,5331,3834,2314,3700,2827,"
"
D49824_s_at,31086,25421,29543,21000,40060,25347,30797,23338,14991,27223,32648,31039,19077,2006,39552,21307,32782,31617,16504,29288,14830,8097,16287,10078,9072,28519,4113,18132,15056,37223,32195,28290,29830,23866,25047,19275,21173,32925,"
"
M96954_s_at,606,548,576,457,347,159,698,1067,510,667,412,331,936,1050,417,746,387,425,599,591,817,485,834,588,761,704,677,830,565,496,614,981,386,554,757,449,690,602,"
"
D78132_s_at,518,445,828,265,379,231,609,931,488,1040,237,446,967,1069,385,963,344,203,309,952,627,318,759,901,1033,721,652,614,312,1271,498,686,763,502,1090,423,677,821,"
"
D78577_s_at,4256,1533,2481,1643,1527,2359,3568,2446,2089,4050,1178,1680,3099,3568,945,2014,1439,1765,1013,2627,2038,1122,3475,4391,3530,3811,1152,1023,747,2256,1192,1279,1944,1337,2469,1107,2606,2564,"
"
Z35085_s_at,644,395,466,415,680,229,649,513,488,1364,252,251,1280,422,435,590,206,382,381,647,702,293,571,356,1011,534,333,699,240,664,576,775,364,390,899,201,493,1048,"
"
HG1322-HT5143_s_at,4557,3559,5988,3341,2954,1990,4926,5677,4997,9626,2597,2618,8400,4092,1715,5026,3488,3073,1784,5356,5515,3561,8525,4887,4495,3479,4159,2801,2058,4313,3046,2803,4598,1718,5083,2503,2571,4027,"
"
X57351_s_at,16489,10996,12769,16432,18890,16859,14353,16638,9783,25287,1182,17327,20695,26510,4248,19806,22578,17115,13042,22665,7560,4834,7916,2780,2638,23424,3845,5547,11269,14421,4953,4673,18378,3691,10460,12015,20605,24890,"
"
M14199_s_at,16528,17782,18496,12445,13247,17420,13180,19487,19597,16602,19533,15986,16688,12727,15063,13937,20211,20254,16205,18688,14606,18939,19575,15793,19113,18291,20242,13796,13491,12771,16394,16688,17606,21519,12368,11861,17183,15182,"
"
U43901_rna1_s_at,18573,17692,17491,13949,19210,18064,14291,18787,19535,20518,19509,14314,18874,1161,18081,16642,19588,19621,19844,18421,18610,19492,20290,17471,19188,17593,21237,16414,13388,17979,16801,18349,20579,18506,16420,13731,18535,18812,"
"
X04654_s_at,3726,2459,3489,3326,4031,1030,3284,4147,5658,7045,1917,3135,7184,1504,1336,3766,2339,3158,1766,2769,3638,3003,4596,2721,3495,2649,3406,3365,2469,3337,1698,3017,2578,1072,1687,2365,3035,2595,"
"
HG2815-HT2931_at,10557,4773,8029,4108,7135,6596,8542,8443,12225,8986,4415,4931,15455,13192,6320,8577,6286,11430,2937,11742,14170,8869,14989,7937,9147,8075,6519,5406,5551,12107,9056,8113,5489,7264,7434,6927,7504,4651,"
"
HG2815-HT4023_s_at,13706,7177,9445,6698,10505,7459,11793,10758,16013,17068,5344,7502,17604,17420,6779,9241,8926,14333,5552,14719,16655,9305,17672,11785,10499,10129,6765,8946,7966,16158,10815,10658,8912,8937,13881,8815,10754,8800,"
"
HG3076-HT3238_s_at,4094,2621,4087,1863,4251,1244,2966,3530,3217,5765,1351,2366,7284,5034,2641,4645,2319,2156,1786,4069,5095,2429,4843,1854,5780,2751,3045,3525,1875,4530,2908,3405,4276,2166,4042,2137,3936,3461,"
"
X75755_rna1_s_at,588,439,925,446,655,215,731,585,546,1018,266,411,1795,349,264,1273,539,459,259,840,627,280,1082,242,593,628,357,510,290,472,265,372,471,238,353,333,505,321,"
"
M31520_rna1_s_at,8818,9380,8300,4333,5876,5471,5870,10147,8813,12250,6202,7906,15039,16056,7360,10600,8224,9813,5904,9644,8102,6280,9245,6392,9297,9578,6829,9593,6826,5468,7603,7391,9135,8639,6607,5366,9066,7742,"
"
M10277_s_at,15216,14893,16597,13087,16827,14517,18132,16741,16821,15361,19147,14657,13822,19267,9303,15702,14124,18116,19993,15643,17053,25351,15241,17933,16310,16023,17664,15731,15191,19317,15001,10310,13912,10280,15417,16998,15890,14383,"
"
J00105_s_at,21909,18519,13909,15020,24015,16810,20133,21147,15167,24346,18367,15719,22990,10654,21461,16743,21905,14999,10282,21319,19956,12278,19272,11619,11253,19916,8668,16095,16292,21580,20090,12006,18350,17716,21013,12164,18072,20076,"
"
V00594_s_at,1024,2168,2877,2034,1810,8919,995,1840,2850,3841,9088,7170,3132,1240,1018,1815,10335,1865,1883,5031,2012,2766,4943,6690,2968,3836,2126,6369,3702,10651,31772,2494,5558,2569,13584,1636,1880,6187,"
"
V00599_s_at,16077,11421,10273,8264,11355,5868,17328,14960,6919,19825,15160,6596,13375,5543,7605,10398,7611,6395,6679,7162,21270,21046,21667,22157,19739,7624,18322,4267,4991,17550,13052,10354,15984,10420,7898,11414,8139,11193,"
"
J02621_s_at,2006,1963,2833,2767,1595,3516,4773,3258,2875,7015,1881,1428,3794,6211,1561,2815,8422,1838,2013,4549,3199,2432,5345,2821,3083,2403,2072,1798,1788,2805,2037,2564,1912,1966,2621,2103,3090,2653,"
"
J02683_s_at,5765,3133,3919,3143,2170,4134,5435,5562,3894,4431,3249,2828,7823,4771,2804,3568,2880,2184,2251,4837,5780,4914,9459,6769,5639,3947,4189,799,2084,5865,3421,2463,5549,3914,3870,2987,2776,3597,"
"
X52979_rna1_s_at,1962,1218,2349,971,887,819,2433,2683,1327,2976,1423,1105,4031,694,900,1976,1601,1528,988,1932,3527,2407,4666,2776,3488,2281,2314,1190,1180,2360,1865,1727,2425,2551,1542,1212,1626,2304,"
"
J04617_s_at,14391,15147,14101,25196,21684,21136,16203,12889,15278,13402,17723,18833,9487,20459,19602,15189,16094,16604,23570,12824,17272,26900,12002,18396,14649,13734,29814,15596,26632,17713,14573,16833,12911,20792,12531,20127,15001,15654,"
"
L04483_s_at,20649,20642,21232,22111,23191,23782,19472,17990,22373,21104,20454,22093,14404,25785,21308,21394,22952,20443,23120,19962,22194,26448,19288,21156,22022,20239,28568,21030,25663,21841,20556,23790,20605,25323,18202,22695,21600,22116,"
"
L12711_s_at,1893,964,2281,325,1179,1464,1275,1397,2746,3451,1524,2332,6470,-128,878,1905,1014,3288,863,2157,1321,1509,3425,3246,3306,1838,765,920,805,5977,1810,1051,2241,2541,4894,1972,2717,3370,"
"
U32986_s_at,1389,1271,961,1162,1500,204,1516,1539,1315,3087,818,1004,2883,441,806,1506,752,1095,929,586,1405,1417,2573,886,1822,1336,1288,965,1175,1151,1292,1481,1135,849,317,623,1132,1010,"
"
X05855_s_at,2583,1991,2527,1465,2812,931,2014,2826,2787,6399,643,1285,7726,2158,1170,3235,1241,1198,1472,2590,3007,1541,2952,948,3157,2853,1399,1668,1094,1838,1138,1220,2062,1573,1455,1045,2235,1461,"
"
M14328_s_at,2700,6276,9739,4455,3323,6039,7080,10803,7187,13404,14767,7183,10184,2394,1082,8574,3911,9241,5017,6638,6978,5263,12124,9210,7932,7850,4821,11459,4897,16265,7712,2974,14127,7117,13909,10969,17208,12680,"
"
M14483_rna1_s_at,18443,21771,19363,15326,17346,15270,9946,21908,11204,10465,10737,6475,15861,9913,26892,13709,15685,21006,12139,21084,22160,26169,20381,17578,13371,15571,26189,11875,7860,14909,14923,13105,16501,8959,13299,12121,14204,11461,"
"
M26708_s_at,13394,14004,13899,17667,16112,11362,13410,12420,13996,13281,13733,13387,12920,14896,12682,15580,13793,13764,15351,13249,15727,17474,12874,14373,12941,12669,18094,13290,11844,14714,11287,12793,12532,10213,12003,10561,12419,11996,"
"
Z19554_s_at,15009,16547,18660,9147,17977,4540,15822,14432,17266,16164,9643,3753,16305,18407,12688,16543,3771,10430,7337,13566,18950,14522,20588,22343,24049,15133,9325,23306,11144,25568,20249,7074,18419,18510,21850,20539,20754,20914,"
"
M21142_cds2_s_at,11359,8754,7882,9595,10836,5924,7673,11598,10160,10096,4096,6095,12533,8800,9227,6908,7807,4816,7842,9343,10402,11846,11291,11296,12535,9228,8905,6296,4534,7937,10871,10701,9503,9864,10411,13324,12174,8974,"
"
M26730_s_at,1675,1664,1790,903,713,1293,2412,2484,1866,2919,1492,1126,4713,6874,1471,1521,1908,1734,739,2077,1414,1306,2144,2222,2345,1736,1468,2268,1471,1719,1361,1398,2461,2561,2413,891,1837,2477,"
"
M23323_s_at,2117,1554,977,2115,3531,1043,1219,937,1599,3421,1371,1321,1771,753,1787,1602,1091,1454,2355,7691,6288,4303,9223,5266,6051,5388,3435,2052,1815,2236,1794,2319,2132,1095,2146,1459,2011,2943,"
"
M24485_s_at,2657,2754,3113,3113,2563,2368,2939,5187,2916,8070,4274,1839,3253,795,1404,3018,1327,2171,1414,3766,4739,3134,8371,4455,3467,2284,2201,4014,2034,7022,4022,1462,5453,5212,7207,9662,11499,4124,"
"
Z47055_s_at,868,767,708,598,643,459,610,1116,686,1087,988,348,1055,374,231,689,362,571,436,962,1811,1040,3551,844,1953,989,803,616,543,737,444,389,537,383,472,609,510,275,"
"
M30448_s_at,2705,2992,3438,2209,2380,2231,3211,3497,3068,7696,2346,2367,7310,1948,1210,3099,2937,2790,1713,4017,2938,3465,5818,3916,3506,3965,3426,3677,2582,3029,3644,3593,5098,3169,3056,2585,4387,3333,"
"
X57152_rna1_s_at,2464,2099,1885,2197,1346,1294,2476,2932,1864,2237,1733,922,2863,1445,946,2720,1604,2151,1486,2200,1618,2533,3455,2175,2106,2049,2011,1652,1211,2171,2312,1301,2154,1919,2260,1730,2179,1252,"
"
M55409_s_at,11154,13764,10718,8710,8850,12237,12625,16357,12718,18348,12151,12526,19380,5330,6538,15151,12089,14013,12380,8499,6973,8231,16429,14390,15616,13614,8278,12091,8709,12531,12598,13931,15728,13232,11453,11444,13631,12884,"
"
X80763_s_at,530,447,309,552,670,298,269,261,449,694,375,411,444,289,381,610,417,361,790,473,479,410,559,396,404,408,478,746,613,494,497,511,522,305,331,426,506,664,"
"
X62534_s_at,1688,1745,2127,917,581,764,5202,3090,1159,3157,1336,1890,2661,4622,978,1547,1899,1933,524,1642,2318,1579,3050,4234,2302,1263,2578,907,1084,3078,1856,3213,2174,2937,1080,806,719,910,"
"
S54005_s_at,8231,6678,8644,4823,5032,3449,8020,10267,11554,4548,5136,5428,14377,1821,5089,7361,5668,8520,2815,10026,13494,8309,13650,8151,7035,4893,6335,4241,3291,5513,4354,2305,3532,3002,8758,6778,6503,3015,"
"
S49592_s_at,815,1159,339,551,1590,439,1193,859,709,1667,782,844,944,747,927,1026,583,1251,1137,952,1425,1218,1312,1005,1067,697,604,1153,634,1476,706,991,869,422,853,495,673,1227,"
"
S72024_s_at,778,1575,729,902,872,229,491,1256,546,2116,630,464,864,93,414,534,556,218,1079,187,934,1250,638,803,1510,1221,928,511,382,1173,1875,852,1188,1422,1503,871,1029,1344,"
"
X04347_s_at,7952,8007,8590,4837,5900,7776,11147,11945,13266,14305,12480,13200,14969,21800,9800,8801,8652,10379,11399,8200,7378,11252,13380,16104,14090,9518,9568,8908,6525,7940,11157,13782,13343,13435,8528,8328,7667,8577,"
"
U00947_s_at,7544,6458,6756,5502,7994,3920,6682,7083,7504,18335,5061,7537,17992,11922,9157,8195,8189,6181,7673,9020,7222,5777,11530,7980,11075,8338,6966,9149,6924,6705,7799,10985,13671,7473,9282,6356,6777,9770,"
"
U06155_s_at,16627,16263,16907,24678,22446,19269,17921,14709,16885,11986,18651,18402,9923,16869,13486,15906,17607,16741,23874,13660,18795,23447,13607,18936,17279,15302,24462,16661,24398,19580,16252,18270,14844,17395,13461,346,17193,16928,"
"
U26312_s_at,508,442,693,161,260,232,466,673,636,1040,295,409,1203,769,105,543,220,191,250,545,736,496,944,569,616,593,597,271,156,273,296,246,343,611,431,231,403,266,"
"
U30827_s_at,1564,869,1520,1270,1047,626,2361,1911,1992,2864,388,1514,7315,744,852,1458,1087,847,491,1467,941,992,1330,785,1415,990,842,1129,480,1894,1271,1315,1499,991,923,665,1678,2281,"
"
Z47038_s_at,1056,1009,477,1258,1326,612,466,599,799,1967,567,596,888,549,778,1093,837,564,1012,1181,983,1065,1454,566,1123,709,993,915,1156,1060,1112,1030,1042,628,1068,838,1216,1401,"
"
Z49148_s_at,13947,15454,15614,14372,10340,16050,15161,16082,17802,15251,16024,17450,16382,717,7572,15083,17626,14943,15368,17262,12191,12808,16737,16655,16437,17070,14617,16412,14424,15151,16254,16474,16846,18646,16073,15388,16072,15758,"
"
U67122_s_at,857,272,463,181,335,500,772,722,759,1204,362,278,1332,915,443,765,557,354,111,1775,1026,769,1301,796,1691,782,599,413,235,499,773,525,834,692,636,435,612,796,"
"
U68105_s_at,5692,6490,7195,4844,3573,4124,4793,8161,4602,8698,4438,4254,7537,8507,3088,10035,4173,3858,4216,7041,4083,4109,9172,4490,8199,10548,3960,8491,4753,6358,7926,5144,6446,5244,8003,5608,6461,8048,"
"
Z48501_s_at,8418,11464,9349,8501,7147,7890,6958,11899,6535,14646,5751,4662,9423,2707,4032,13925,8182,4738,5501,11569,9735,12415,11768,7699,11586,14111,7918,14923,7756,17637,15156,14974,15314,7781,17059,11691,14495,17701,"
"
U70439_s_at,4531,3426,2889,2434,2443,3328,5589,6117,3248,10534,4198,3414,7513,7540,1233,2978,3707,4559,2404,4411,5131,6022,11505,7747,7021,6059,5881,3590,3243,5381,7111,6495,8445,6144,4106,4484,5091,5452,"
"
X15729_s_at,2840,1939,2747,2437,2166,954,4673,2988,4266,5062,1213,2367,7411,3597,2375,3169,2358,1652,1307,3719,3168,1911,3913,1835,4006,1944,2002,3504,1466,2970,1971,2413,2633,1629,2387,1511,3471,3377,"
"
X56681_s_at,11038,5763,7880,9313,17824,12007,12034,7810,5025,13163,3790,12339,15667,14895,16296,9081,19906,15025,8852,18550,8395,6691,14466,17694,18092,7974,10800,15579,6927,17473,16131,18115,20008,10381,18427,11399,20905,19894,"
"
X74874_rna1_s_at,786,633,394,813,884,304,1086,1214,580,1065,290,487,1283,592,591,1081,624,932,555,1354,644,702,897,757,1268,784,1018,871,432,1055,1372,1799,1478,550,1543,506,920,684,"
"
Z25521_s_at,1201,1145,1824,1270,800,606,914,1832,1079,4513,662,1228,2117,930,614,1135,560,977,736,2302,3241,1863,5405,1056,1727,1146,1025,2037,608,1046,818,1189,942,1008,831,639,2013,847,"
"
S82297_at,9712,10177,10411,15906,13491,15498,11377,8694,10877,7732,12915,12501,6577,1971,12984,8384,11551,9246,11812,9336,11723,16421,8891,11955,8079,9068,8358,9010,11349,11462,10225,10039,9450,15536,8768,13263,10599,9954,"
"
HG4557-HT4962_at,317,244,377,297,358,194,596,465,463,734,230,238,1121,1083,359,504,311,309,234,658,331,305,249,236,675,399,348,581,394,250,190,420,261,323,208,261,505,367,"
"
L11672_at,8409,6873,4278,5368,9591,3503,6150,5106,5962,10625,3049,5057,10626,7314,4585,8166,4571,8839,4769,6711,10142,5711,6741,6129,6088,5791,5567,9895,6181,4380,3864,4793,3737,1677,4224,3575,6022,6249,"
"
L11672_r_at,5056,2355,1252,1557,5201,747,3844,2333,2999,3258,591,1837,6101,5118,1540,3159,1514,3629,1742,3888,3583,1954,3420,1288,3894,3367,2756,2474,2228,722,685,1322,794,663,1050,873,2652,2891,"
"
U57341_r_at,6078,7160,3449,6793,7209,5093,3342,3847,4164,7492,3008,4158,4621,2441,4325,4161,4659,3329,6561,5383,7157,6364,7439,4456,4589,4884,4708,6387,4772,7591,6352,5803,7326,2608,5233,7617,8586,8397,"
"
X98482_r_at,13665,11275,12465,25426,19434,13818,15440,14117,15433,11938,16258,14620,15837,15421,11497,14915,13845,15196,20233,16658,15568,27089,7483,18687,18793,15294,18133,9398,16600,17935,13628,18443,14102,6081,13786,18188,10870,9746,"
"
HG3597-HT3800_f_at,9017,3434,2839,3430,6676,5218,10658,7704,3130,9716,4575,5295,8942,2197,4150,3567,7874,9642,4058,6913,4112,1454,3610,2784,2093,6636,1313,3906,5277,11486,6848,3269,6028,6459,8243,3536,4744,9255,"
"
HG1980-HT2023_at,3793,4668,3305,4104,1939,669,4462,6251,3938,3915,2528,3436,3281,7928,779,3397,2840,5035,1373,1748,2658,2354,8086,3135,3401,1464,2319,3207,2305,8800,8030,4255,3798,2453,7890,3877,5341,3737,"
"
M36072_at,12923,14392,14312,14145,14190,17168,12386,12760,14370,13220,16252,13732,9683,13082,12426,14870,15468,13426,17142,12948,12755,16330,12784,15860,15409,14808,14372,13747,12616,15169,13364,15180,14396,15865,13569,18619,14479,15451,"
"
X01703_at,2620,1107,2087,152,2367,1951,2255,1797,2329,3759,1172,416,6550,8070,1256,1723,1699,2170,1087,4782,2396,1086,6745,6035,5198,883,1506,1166,651,1545,556,503,2421,1386,3632,1714,4126,4682,"
"
X69654_at,14339,8995,3407,9501,13139,9679,6609,12996,5844,17340,8179,3463,9984,10260,3061,15264,4503,10194,4657,5086,9748,6280,14776,4398,5914,10724,8461,15355,4222,8360,9988,3885,12725,17186,4888,5716,13914,5333,"
"
U09587_at,1492,1101,1419,1113,1310,423,1597,1658,1566,2687,1483,1923,3557,3231,961,1360,813,1436,1398,1817,1496,1154,2857,1462,2383,1388,1554,1168,1007,1294,1858,1594,1619,1185,1753,1188,868,949,"
"
M34516_r_at,4120,2029,1926,725,2037,559,991,786,371,5924,9380,640,877,6492,789,641,652,955,3629,3348,690,890,1085,640,818,1223,811,6797,1594,5851,6253,1192,1176,845,2990,1130,1005,2276,"
"
D32129_f_at,7118,6779,8732,5586,10294,7372,15435,15728,3104,12875,8098,7563,12554,3711,16322,4768,13713,13714,5292,14580,5243,2633,6380,3847,5138,12962,1795,7268,6073,18095,12239,6274,8723,11384,15224,8454,7371,9063,"
"
HG1515-HT1515_f_at,2829,3935,3033,3839,2774,3696,3052,5917,4746,9194,3085,4367,10397,5112,3190,6100,4813,3175,3028,4197,3848,3362,7454,4415,6223,4972,4455,5662,3294,3695,4665,4015,5974,4981,5350,3622,4598,4656,"
"
HG2915-HT3059_f_at,7531,5252,2911,3481,6014,4912,9826,11837,3198,4628,5218,4757,12561,438,4150,3574,6722,7874,1653,8445,3383,3314,4965,2184,3277,5473,1567,4869,2880,14698,9255,3633,8217,6040,10426,3486,8714,7908,"
"
HG2917-HT3061_f_at,7632,5700,3719,4150,5645,4499,11134,12184,3615,5627,4725,5358,13745,533,3865,3197,6488,7487,2490,7445,3274,3158,4445,2399,3348,5416,1441,5752,3243,12738,10499,2688,8120,4822,10238,3540,8341,9322,"
"
K02405_f_at,2730,1383,593,562,1232,1133,3130,1980,573,862,5046,2548,5050,705,1409,654,1354,1099,755,772,208,357,582,246,236,486,199,602,1221,2261,1293,1054,1459,789,1831,1866,2153,2202,"
"
X00351_f_at,21210,17558,18530,20530,16998,14925,17084,19599,19112,22677,22483,12044,15569,868,7595,19009,10928,16565,15845,21059,24284,33638,22300,20367,18571,20761,19696,16033,10461,26861,17479,11182,16875,9185,21780,21615,24509,18027,"
"
X01677_f_at,13771,13818,15619,18707,11529,23032,15408,13935,15038,14750,17487,15680,11338,2518,16023,14012,17510,13509,17145,15097,17372,27972,15589,18407,17649,13972,23572,13945,16720,18335,16801,16520,13858,19231,15522,17674,14571,15508,"
"
HG658-HT658_f_at,14476,8955,8443,9541,15739,11348,15086,14741,4700,10971,10694,10250,13479,10409,16303,10672,12816,15087,6654,13686,6557,3632,7638,6042,6011,11387,2145,8105,7771,16619,13587,11301,10546,9357,13534,10144,10371,12284,"
"
U29175_at,1582,743,626,552,572,219,1322,1636,2076,917,453,1661,2173,3707,295,1456,404,1982,949,624,753,1157,1775,756,1972,732,1387,454,391,412,393,286,428,314,208,385,687,248,"
"
